orderID,timestamp,orderStatus,totalPrice,processedByEmployee
1,2026-08-24 11:56:00,Completed,31.16,1
2,2026-08-24 21:18:00,Completed,16.37,5
3,2026-08-24 13:35:00,Completed,26.17,5
4,2026-08-24 17:53:00,Completed,10.9,4
5,2026-08-24 11:57:00,Completed,10.92,1
6,2026-08-24 20:45:00,Completed,5.31,1
7,2026-08-24 14:22:00,Completed,19.59,2
8,2026-08-24 13:37:00,Completed,25.92,3
9,2026-08-24 21:08:00,Completed,18.04,4
10,2026-08-24 10:23:00,Completed,31.9,4
11,2026-08-24 14:45:00,Completed,19.04,4
12,2026-08-24 14:56:00,Completed,12.32,5
13,2026-08-24 16:05:00,Completed,22.53,4
14,2026-08-24 11:59:00,Completed,7.74,4
15,2026-08-24 18:34:00,Completed,25.88,3
16,2026-08-24 17:34:00,Completed,21.63,1
17,2026-08-24 19:09:00,Completed,17.27,5
18,2026-08-24 18:33:00,Completed,11.67,4
19,2026-08-24 21:28:00,Completed,5.56,4
20,2026-08-24 17:40:00,Completed,29.29,3
21,2026-08-24 15:23:00,Completed,12.86,3
22,2026-08-24 18:02:00,Completed,29.99,5
23,2026-08-24 21:47:00,Completed,22.65,1
24,2026-08-24 16:55:00,Completed,17.14,3
25,2026-08-24 14:16:00,Completed,19.06,1
26,2026-08-24 13:20:00,Completed,22.86,5
27,2026-08-24 20:15:00,Completed,7.8,3
28,2026-08-24 12:41:00,Completed,17.65,3
29,2026-08-24 15:40:00,Completed,8.45,5
30,2026-08-24 14:52:00,Completed,7.3,3
31,2026-08-24 21:05:00,Completed,31.38,5
32,2026-08-24 18:25:00,Completed,28.06,5
33,2026-08-24 20:22:00,Completed,23.88,2
34,2026-08-24 12:02:00,Completed,25.58,3
35,2026-08-24 13:06:00,Completed,25.37,3
36,2026-08-24 20:34:00,Completed,10.81,4
37,2026-08-24 19:59:00,Completed,16.54,4
38,2026-08-24 21:57:00,Completed,32.5,3
39,2026-08-24 17:20:00,Completed,29.97,3
40,2026-08-24 17:18:00,Completed,11.81,4
41,2026-08-24 10:42:00,Completed,8.52,1
42,2026-08-24 14:38:00,Completed,23.21,4
43,2026-08-24 11:24:00,Completed,23.32,5
44,2026-08-24 18:01:00,Completed,19.02,1
45,2026-08-24 18:29:00,Completed,21.93,4
46,2026-08-24 13:13:00,Completed,24.08,1
47,2026-08-24 21:39:00,Completed,18.38,4
48,2026-08-24 15:50:00,Completed,12.35,5
49,2026-08-24 20:18:00,Completed,13.0,5
50,2026-08-24 18:58:00,Completed,7.55,4
51,2026-08-24 14:01:00,Completed,32.5,4
52,2026-08-24 16:15:00,Completed,29.98,2
53,2026-08-24 16:05:00,Completed,16.45,4
54,2026-08-24 12:51:00,Completed,20.89,2
55,2026-08-24 17:48:00,Completed,11.94,1
56,2026-08-24 10:07:00,Completed,8.74,2
57,2026-08-24 17:33:00,Completed,32.5,2
58,2026-08-24 19:54:00,Completed,27.08,5
59,2026-08-24 14:51:00,Completed,18.7,3
60,2026-08-24 19:15:00,Completed,11.59,1
61,2026-08-24 15:10:00,Completed,24.14,4
62,2026-08-24 19:25:00,Completed,12.68,5
63,2026-08-24 12:45:00,Completed,7.55,1
64,2026-08-24 21:05:00,Completed,25.27,4
65,2026-08-24 16:31:00,Completed,10.19,3
66,2026-08-24 16:59:00,Completed,13.32,2
67,2026-08-24 14:01:00,Completed,12.52,4
68,2026-08-24 20:18:00,Completed,21.35,4
69,2026-08-24 12:51:00,Completed,31.16,5
70,2026-08-24 16:11:00,Completed,17.24,5
71,2026-08-24 13:58:00,Completed,18.64,3
72,2026-08-24 21:33:00,Completed,10.95,4
73,2026-08-24 12:23:00,Completed,21.66,5
74,2026-08-24 20:14:00,Completed,29.6,2
75,2026-08-24 14:18:00,Completed,10.58,1
76,2026-08-24 12:12:00,Completed,20.15,3
77,2026-08-24 17:08:00,Completed,15.41,5
78,2026-08-24 21:45:00,Completed,6.24,5
79,2026-08-24 12:50:00,Completed,16.63,5
80,2026-08-24 18:14:00,Completed,34.33,3
81,2026-08-24 17:39:00,Completed,12.9,2
82,2026-08-24 14:02:00,Completed,6.04,1
83,2026-08-24 12:55:00,Completed,29.07,1
84,2026-08-24 16:24:00,Completed,5.98,2
85,2026-08-24 12:03:00,Completed,16.39,1
86,2026-08-24 18:25:00,Completed,24.65,3
87,2026-08-24 13:17:00,Completed,5.34,5
88,2026-08-24 18:37:00,Completed,7.23,4
89,2026-08-24 12:23:00,Completed,16.02,3
90,2026-08-24 18:26:00,Completed,12.6,4
91,2026-08-24 16:23:00,Completed,33.11,4
92,2026-08-24 19:41:00,Completed,7.02,4
93,2026-08-24 11:50:00,Completed,12.96,1
94,2026-08-24 17:01:00,Completed,27.82,1
95,2026-08-24 15:05:00,Completed,28.47,4
96,2026-08-24 13:42:00,Completed,28.59,1
97,2026-08-24 13:54:00,Completed,13.82,2
98,2026-08-24 11:41:00,Completed,6.37,5
99,2026-08-24 21:56:00,Completed,8.57,1
100,2026-08-24 21:47:00,Completed,16.09,2
101,2026-08-24 10:47:00,Completed,31.61,5
102,2026-08-24 14:09:00,Completed,22.21,3
103,2026-08-24 11:58:00,Completed,17.87,3
104,2026-08-24 19:33:00,Completed,9.74,3
105,2026-08-24 12:31:00,Completed,18.26,2
106,2026-08-24 12:43:00,Completed,33.64,1
107,2026-08-24 19:33:00,Completed,27.41,5
108,2026-08-24 20:15:00,Completed,21.12,4
109,2026-08-24 19:09:00,Completed,22.52,2
110,2026-08-24 13:45:00,Completed,30.28,4
111,2026-08-24 15:40:00,Completed,32.21,1
112,2026-08-24 14:25:00,Completed,31.81,2
113,2026-08-24 19:54:00,Completed,24.35,2
114,2026-08-24 19:46:00,Completed,21.77,5
115,2026-08-24 15:32:00,Completed,32.16,1
116,2026-08-24 16:43:00,Completed,14.31,3
117,2026-08-24 11:19:00,Completed,12.47,1
118,2026-08-24 19:17:00,Completed,15.7,4
119,2026-08-24 20:26:00,Completed,16.19,5
120,2026-08-24 20:08:00,Completed,11.84,3
121,2026-08-24 21:37:00,Completed,6.22,4
122,2026-08-24 11:18:00,Completed,33.13,4
123,2026-08-24 18:08:00,Completed,34.25,2
124,2026-08-24 15:29:00,Completed,26.46,2
125,2026-08-24 21:24:00,Completed,29.41,5
126,2026-08-24 15:54:00,Completed,9.19,2
127,2026-08-24 21:48:00,Completed,22.68,1
128,2026-08-24 20:25:00,Completed,5.63,3
129,2026-08-24 10:04:00,Completed,27.21,2
130,2026-08-24 21:56:00,Completed,33.82,4
131,2026-08-24 20:42:00,Completed,9.23,3
132,2026-08-24 17:10:00,Completed,24.93,5
133,2026-08-24 17:24:00,Completed,13.92,5
134,2026-08-24 15:36:00,Completed,22.64,1
135,2026-08-24 18:32:00,Completed,26.5,3
136,2026-08-24 17:53:00,Completed,16.51,3
137,2026-08-24 14:10:00,Completed,30.51,3
138,2026-08-24 20:58:00,Completed,6.94,1
139,2026-08-24 16:13:00,Completed,16.65,5
140,2026-08-24 13:40:00,Completed,33.03,4
141,2026-08-24 14:45:00,Completed,30.38,1
142,2026-08-24 17:09:00,Completed,5.37,1
143,2026-08-24 11:47:00,Completed,5.22,4
144,2026-08-24 16:23:00,Completed,7.01,4
145,2026-08-24 20:17:00,Completed,19.43,2
146,2026-08-24 13:37:00,Completed,6.53,5
147,2026-08-24 11:24:00,Completed,19.58,4
148,2026-08-24 18:30:00,Completed,20.66,1
149,2026-08-24 12:28:00,Completed,17.07,5
150,2026-08-24 11:42:00,Completed,12.13,5
151,2026-08-24 15:17:00,Completed,32.34,3
152,2026-08-24 15:22:00,Completed,15.8,5
153,2026-08-24 15:02:00,Completed,7.58,2
154,2026-08-24 16:33:00,Completed,6.48,1
155,2026-08-24 14:44:00,Completed,30.68,5
156,2026-08-24 11:18:00,Completed,27.26,2
157,2026-08-24 18:06:00,Completed,7.36,3
158,2026-08-24 19:17:00,Completed,34.83,1
159,2026-08-24 11:17:00,Completed,7.46,4
160,2026-08-24 19:59:00,Completed,30.02,3
161,2026-08-24 15:47:00,Completed,15.55,3
162,2026-08-24 17:44:00,Completed,6.17,4
163,2026-08-24 18:39:00,Completed,6.65,4
164,2026-08-24 19:13:00,Completed,31.8,3
165,2026-08-24 18:31:00,Completed,21.97,2
166,2026-08-24 13:57:00,Completed,23.96,3
167,2026-08-24 12:14:00,Completed,23.56,1
168,2026-08-24 16:09:00,Completed,20.95,2
169,2026-08-24 21:58:00,Completed,24.94,1
170,2026-08-24 21:07:00,Completed,6.15,1
171,2026-08-24 12:46:00,Completed,6.57,5
172,2026-08-24 19:50:00,Completed,18.28,5
173,2026-08-24 16:35:00,Completed,15.5,4
174,2026-08-24 15:21:00,Completed,19.65,3
175,2026-08-24 12:38:00,Completed,14.52,5
176,2026-08-24 11:32:00,Completed,6.08,1
177,2026-08-24 16:52:00,Completed,6.82,4
178,2026-08-24 11:06:00,Completed,28.5,1
179,2026-08-24 18:29:00,Completed,7.02,2
180,2026-08-24 21:36:00,Completed,25.57,1
181,2026-08-24 19:23:00,Completed,30.62,3
182,2026-08-24 21:25:00,Completed,22.54,1
183,2026-08-24 14:26:00,Completed,24.33,3
184,2026-08-24 17:23:00,Completed,12.86,4
185,2026-08-24 17:47:00,Completed,31.41,3
186,2026-08-24 21:28:00,Completed,32.2,5
187,2026-08-24 11:59:00,Completed,32.37,1
188,2026-08-24 11:48:00,Completed,19.02,5
189,2026-08-24 11:00:00,Completed,30.97,3
190,2026-08-24 19:00:00,Completed,14.22,4
191,2026-08-24 13:00:00,Completed,29.65,4
192,2026-08-24 12:04:00,Completed,34.05,1
193,2026-08-24 10:36:00,Completed,14.33,1
194,2026-08-24 12:57:00,Completed,9.94,1
195,2026-08-24 20:24:00,Completed,10.92,3
196,2026-08-24 13:14:00,Completed,10.8,4
197,2026-08-24 20:36:00,Completed,22.67,4
198,2026-08-24 13:13:00,Completed,15.4,4
199,2026-08-24 17:52:00,Completed,17.58,2
200,2026-08-24 14:53:00,Completed,28.93,2
201,2026-08-24 10:01:00,Completed,27.3,1
202,2026-08-24 14:30:00,Completed,18.56,5
203,2026-08-24 18:22:00,Completed,33.66,3
204,2026-08-24 12:05:00,Completed,13.58,2
205,2026-08-24 20:46:00,Completed,21.39,5
206,2026-08-24 21:17:00,Completed,18.24,3
207,2026-08-24 20:36:00,Completed,34.57,3
208,2026-08-24 21:59:00,Completed,18.52,4
209,2026-08-24 17:59:00,Completed,13.4,1
210,2026-08-24 15:30:00,Completed,6.02,2
211,2026-08-24 17:20:00,Completed,30.66,2
212,2026-08-24 20:18:00,Completed,6.31,2
213,2026-08-24 14:15:00,Completed,16.89,4
214,2026-08-24 16:18:00,Completed,7.33,4
215,2026-08-24 12:44:00,Completed,33.67,5
216,2026-08-24 17:33:00,Completed,11.89,3
217,2026-08-24 12:34:00,Completed,31.32,4
218,2026-08-24 19:53:00,Completed,5.95,2
219,2026-08-24 21:16:00,Completed,28.98,4
220,2026-08-24 21:59:00,Completed,24.09,1
221,2026-08-24 15:13:00,Completed,23.29,1
222,2026-08-25 15:33:00,Completed,32.93,3
223,2026-08-25 12:29:00,Completed,31.86,2
224,2026-08-25 11:02:00,Completed,5.1,2
225,2026-08-25 11:15:00,Completed,31.4,5
226,2026-08-25 11:15:00,Completed,16.86,2
227,2026-08-25 15:55:00,Completed,23.06,5
228,2026-08-25 17:02:00,Completed,7.57,1
229,2026-08-25 14:02:00,Completed,22.64,2
230,2026-08-25 12:08:00,Completed,5.5,2
231,2026-08-25 18:50:00,Completed,8.96,2
232,2026-08-25 12:55:00,Completed,16.1,4
233,2026-08-25 19:52:00,Completed,13.58,5
234,2026-08-25 14:06:00,Completed,12.9,3
235,2026-08-25 10:37:00,Completed,33.09,5
236,2026-08-25 12:42:00,Completed,11.99,5
237,2026-08-25 20:38:00,Completed,33.45,5
238,2026-08-25 20:48:00,Completed,32.87,5
239,2026-08-25 17:27:00,Completed,15.54,5
240,2026-08-25 21:44:00,Completed,21.8,2
241,2026-08-25 13:38:00,Completed,8.69,4
242,2026-08-25 12:55:00,Completed,12.8,4
243,2026-08-25 19:57:00,Completed,10.67,1
244,2026-08-25 15:55:00,Completed,20.87,5
245,2026-08-25 13:10:00,Completed,32.55,2
246,2026-08-25 13:27:00,Completed,14.04,2
247,2026-08-25 16:13:00,Completed,18.25,4
248,2026-08-25 17:09:00,Completed,17.1,2
249,2026-08-25 10:19:00,Completed,21.81,2
250,2026-08-25 15:16:00,Completed,23.46,1
251,2026-08-25 16:22:00,Completed,12.94,2
252,2026-08-25 11:23:00,Completed,18.18,2
253,2026-08-25 15:51:00,Completed,33.87,2
254,2026-08-25 15:44:00,Completed,10.95,3
255,2026-08-25 21:14:00,Completed,28.07,1
256,2026-08-25 10:36:00,Completed,16.14,2
257,2026-08-25 18:57:00,Completed,15.88,3
258,2026-08-25 17:02:00,Completed,25.7,1
259,2026-08-25 15:38:00,Completed,29.97,5
260,2026-08-25 12:56:00,Completed,28.64,5
261,2026-08-25 19:40:00,Completed,17.3,2
262,2026-08-25 11:51:00,Completed,18.92,4
263,2026-08-25 20:16:00,Completed,6.68,5
264,2026-08-25 13:09:00,Completed,19.3,1
265,2026-08-25 16:48:00,Completed,17.66,2
266,2026-08-25 11:11:00,Completed,29.33,1
267,2026-08-25 10:32:00,Completed,14.21,5
268,2026-08-25 16:56:00,Completed,8.93,1
269,2026-08-25 20:56:00,Completed,17.49,2
270,2026-08-25 17:29:00,Completed,21.63,4
271,2026-08-25 18:20:00,Completed,13.86,3
272,2026-08-25 16:16:00,Completed,27.09,4
273,2026-08-25 13:56:00,Completed,15.23,2
274,2026-08-25 20:24:00,Completed,19.67,5
275,2026-08-25 20:50:00,Completed,21.22,4
276,2026-08-25 14:58:00,Completed,21.74,2
277,2026-08-25 19:27:00,Completed,17.12,3
278,2026-08-25 11:12:00,Completed,16.56,4
279,2026-08-25 17:57:00,Completed,18.86,2
280,2026-08-25 15:51:00,Completed,26.16,5
281,2026-08-25 12:27:00,Completed,16.46,2
282,2026-08-25 12:39:00,Completed,11.54,1
283,2026-08-25 18:39:00,Completed,21.84,5
284,2026-08-25 13:59:00,Completed,19.94,5
285,2026-08-25 18:45:00,Completed,5.75,3
286,2026-08-25 13:05:00,Completed,10.68,3
287,2026-08-25 16:33:00,Completed,11.72,4
288,2026-08-25 15:45:00,Completed,21.88,1
289,2026-08-25 11:11:00,Completed,17.41,2
290,2026-08-25 15:57:00,Completed,18.69,2
291,2026-08-25 20:34:00,Completed,33.46,2
292,2026-08-25 18:09:00,Completed,22.32,4
293,2026-08-25 16:59:00,Completed,20.46,4
294,2026-08-25 17:36:00,Completed,24.79,1
295,2026-08-25 16:47:00,Completed,19.79,2
296,2026-08-25 17:05:00,Completed,25.15,3
297,2026-08-25 17:01:00,Completed,15.46,2
298,2026-08-25 16:25:00,Completed,11.77,4
299,2026-08-25 21:05:00,Completed,16.61,4
300,2026-08-25 17:47:00,Completed,10.94,5
301,2026-08-25 14:21:00,Completed,19.44,1
302,2026-08-25 20:02:00,Completed,20.62,2
303,2026-08-25 19:13:00,Completed,32.04,3
304,2026-08-25 17:32:00,Completed,23.34,5
305,2026-08-25 21:31:00,Completed,16.94,2
306,2026-08-25 11:09:00,Completed,25.01,3
307,2026-08-25 21:12:00,Completed,6.29,1
308,2026-08-25 10:13:00,Completed,16.7,4
309,2026-08-25 15:34:00,Completed,27.26,5
310,2026-08-25 20:19:00,Completed,20.85,4
311,2026-08-25 17:47:00,Completed,27.5,4
312,2026-08-25 12:11:00,Completed,8.15,5
313,2026-08-25 19:37:00,Completed,33.25,1
314,2026-08-25 10:47:00,Completed,10.02,5
315,2026-08-25 19:00:00,Completed,28.0,1
316,2026-08-25 15:57:00,Completed,16.94,4
317,2026-08-25 15:52:00,Completed,10.73,3
318,2026-08-25 12:49:00,Completed,26.73,1
319,2026-08-25 10:18:00,Completed,13.12,5
320,2026-08-25 21:41:00,Completed,23.36,2
321,2026-08-25 19:31:00,Completed,34.07,5
322,2026-08-25 10:14:00,Completed,21.12,3
323,2026-08-25 10:43:00,Completed,16.1,3
324,2026-08-25 17:17:00,Completed,28.49,3
325,2026-08-25 12:09:00,Completed,33.62,1
326,2026-08-25 12:47:00,Completed,34.65,2
327,2026-08-25 18:41:00,Completed,14.55,1
328,2026-08-25 17:33:00,Completed,14.53,5
329,2026-08-25 17:08:00,Completed,27.77,1
330,2026-08-25 15:57:00,Completed,7.85,2
331,2026-08-25 20:44:00,Completed,16.23,1
332,2026-08-25 15:36:00,Completed,18.18,3
333,2026-08-25 10:09:00,Completed,19.13,5
334,2026-08-25 13:33:00,Completed,27.54,3
335,2026-08-25 14:39:00,Completed,24.72,5
336,2026-08-25 20:48:00,Completed,7.31,4
337,2026-08-25 14:53:00,Completed,33.13,3
338,2026-08-25 17:15:00,Completed,33.95,4
339,2026-08-25 19:41:00,Completed,28.28,5
340,2026-08-25 13:59:00,Completed,21.78,2
341,2026-08-25 21:06:00,Completed,19.12,2
342,2026-08-25 19:01:00,Completed,29.62,3
343,2026-08-25 16:54:00,Completed,33.74,3
344,2026-08-25 21:25:00,Completed,25.22,1
345,2026-08-25 12:24:00,Completed,25.63,4
346,2026-08-25 21:35:00,Completed,10.06,1
347,2026-08-25 12:17:00,Completed,12.82,3
348,2026-08-25 18:13:00,Completed,24.13,5
349,2026-08-25 17:40:00,Completed,29.03,5
350,2026-08-25 18:09:00,Completed,13.79,3
351,2026-08-25 11:57:00,Completed,29.58,5
352,2026-08-25 18:54:00,Completed,25.13,2
353,2026-08-25 21:35:00,Completed,21.01,1
354,2026-08-25 19:23:00,Completed,11.33,3
355,2026-08-25 17:54:00,Completed,26.08,5
356,2026-08-25 14:14:00,Completed,17.92,1
357,2026-08-25 15:34:00,Completed,9.19,2
358,2026-08-25 15:30:00,Completed,11.06,4
359,2026-08-25 10:16:00,Completed,14.93,2
360,2026-08-25 18:35:00,Completed,21.01,2
361,2026-08-25 14:54:00,Completed,5.48,4
362,2026-08-25 12:34:00,Completed,7.94,4
363,2026-08-25 17:57:00,Completed,5.6,4
364,2026-08-25 18:08:00,Completed,20.9,2
365,2026-08-25 18:15:00,Completed,28.79,3
366,2026-08-25 14:36:00,Completed,20.6,5
367,2026-08-25 14:34:00,Completed,32.56,4
368,2026-08-25 19:21:00,Completed,24.36,1
369,2026-08-25 10:15:00,Completed,12.37,3
370,2026-08-25 17:35:00,Completed,11.31,5
371,2026-08-25 21:29:00,Completed,19.32,5
372,2026-08-25 18:51:00,Completed,29.99,4
373,2026-08-25 18:28:00,Completed,20.78,3
374,2026-08-25 20:56:00,Completed,11.23,4
375,2026-08-25 16:59:00,Completed,17.2,5
376,2026-08-25 12:58:00,Completed,14.68,2
377,2026-08-25 11:34:00,Completed,25.39,2
378,2026-08-25 12:30:00,Completed,14.19,3
379,2026-08-25 16:24:00,Completed,7.4,2
380,2026-08-25 16:46:00,Completed,28.27,4
381,2026-08-25 21:54:00,Completed,28.22,4
382,2026-08-25 18:34:00,Completed,12.09,4
383,2026-08-25 13:20:00,Completed,24.14,2
384,2026-08-25 13:27:00,Completed,30.59,5
385,2026-08-25 14:09:00,Completed,12.58,1
386,2026-08-25 17:26:00,Completed,12.87,3
387,2026-08-25 18:39:00,Completed,27.87,3
388,2026-08-25 11:31:00,Completed,34.18,5
389,2026-08-25 11:33:00,Completed,6.88,5
390,2026-08-25 17:05:00,Completed,12.44,4
391,2026-08-25 18:11:00,Completed,26.18,4
392,2026-08-25 18:32:00,Completed,33.51,5
393,2026-08-25 12:05:00,Completed,8.13,5
394,2026-08-25 15:22:00,Completed,7.44,5
395,2026-08-25 13:00:00,Completed,19.77,1
396,2026-08-25 18:30:00,Completed,21.99,4
397,2026-08-25 13:04:00,Completed,7.81,2
398,2026-08-25 15:39:00,Completed,34.72,1
399,2026-08-25 19:08:00,Completed,22.72,4
400,2026-08-25 10:28:00,Completed,19.71,1
401,2026-08-25 16:25:00,Completed,11.06,3
402,2026-08-25 17:56:00,Completed,6.66,4
403,2026-08-25 13:03:00,Completed,23.03,5
404,2026-08-25 10:26:00,Completed,30.57,4
405,2026-08-26 11:27:00,Completed,10.3,4
406,2026-08-26 20:21:00,Completed,13.56,3
407,2026-08-26 21:53:00,Completed,22.97,4
408,2026-08-26 11:27:00,Completed,30.44,1
409,2026-08-26 15:06:00,Completed,10.54,1
410,2026-08-26 19:19:00,Completed,31.18,5
411,2026-08-26 19:54:00,Completed,9.22,1
412,2026-08-26 17:50:00,Completed,26.7,1
413,2026-08-26 18:09:00,Completed,14.45,2
414,2026-08-26 16:58:00,Completed,9.94,2
415,2026-08-26 13:57:00,Completed,25.51,2
416,2026-08-26 17:17:00,Completed,18.49,3
417,2026-08-26 14:53:00,Completed,6.34,4
418,2026-08-26 18:44:00,Completed,13.64,4
419,2026-08-26 13:53:00,Completed,8.58,4
420,2026-08-26 12:17:00,Completed,7.2,5
421,2026-08-26 16:39:00,Completed,19.06,5
422,2026-08-26 10:37:00,Completed,17.17,1
423,2026-08-26 20:58:00,Completed,33.11,5
424,2026-08-26 20:38:00,Completed,27.65,2
425,2026-08-26 13:13:00,Completed,24.66,5
426,2026-08-26 19:07:00,Completed,25.0,5
427,2026-08-26 21:20:00,Completed,22.13,2
428,2026-08-26 15:20:00,Completed,25.91,5
429,2026-08-26 12:05:00,Completed,19.6,5
430,2026-08-26 19:14:00,Completed,7.77,3
431,2026-08-26 10:30:00,Completed,8.37,5
432,2026-08-26 13:27:00,Completed,21.67,5
433,2026-08-26 13:39:00,Completed,15.49,1
434,2026-08-26 14:47:00,Completed,27.03,4
435,2026-08-26 19:15:00,Completed,14.77,2
436,2026-08-26 20:48:00,Completed,29.04,4
437,2026-08-26 11:35:00,Completed,24.22,5
438,2026-08-26 10:10:00,Completed,18.72,1
439,2026-08-26 21:31:00,Completed,18.59,5
440,2026-08-26 18:50:00,Completed,24.31,1
441,2026-08-26 15:56:00,Completed,25.34,2
442,2026-08-26 19:09:00,Completed,16.87,4
443,2026-08-26 12:35:00,Completed,18.63,5
444,2026-08-26 21:43:00,Completed,12.34,5
445,2026-08-26 21:42:00,Completed,12.92,1
446,2026-08-26 12:07:00,Completed,14.45,4
447,2026-08-26 11:15:00,Completed,30.22,5
448,2026-08-26 10:42:00,Completed,9.3,1
449,2026-08-26 20:42:00,Completed,13.65,2
450,2026-08-26 15:29:00,Completed,32.28,2
451,2026-08-26 16:44:00,Completed,29.95,4
452,2026-08-26 17:59:00,Completed,20.1,1
453,2026-08-26 12:49:00,Completed,32.69,1
454,2026-08-26 12:03:00,Completed,25.58,1
455,2026-08-26 11:21:00,Completed,24.12,3
456,2026-08-26 10:56:00,Completed,22.42,3
457,2026-08-26 12:55:00,Completed,9.9,5
458,2026-08-26 10:49:00,Completed,26.65,5
459,2026-08-26 10:29:00,Completed,32.51,1
460,2026-08-26 21:21:00,Completed,23.83,3
461,2026-08-26 14:49:00,Completed,11.3,1
462,2026-08-26 21:49:00,Completed,26.17,5
463,2026-08-26 12:42:00,Completed,29.79,5
464,2026-08-26 17:25:00,Completed,15.76,5
465,2026-08-26 16:55:00,Completed,7.25,3
466,2026-08-26 18:15:00,Completed,23.93,4
467,2026-08-26 21:49:00,Completed,6.69,4
468,2026-08-26 10:57:00,Completed,30.99,4
469,2026-08-26 12:33:00,Completed,25.14,5
470,2026-08-26 12:16:00,Completed,13.8,3
471,2026-08-26 19:37:00,Completed,5.77,2
472,2026-08-26 17:30:00,Completed,13.7,5
473,2026-08-26 17:02:00,Completed,23.21,2
474,2026-08-26 14:17:00,Completed,31.36,5
475,2026-08-26 20:50:00,Completed,26.93,5
476,2026-08-26 16:11:00,Completed,5.5,4
477,2026-08-26 11:31:00,Completed,20.66,1
478,2026-08-26 10:56:00,Completed,19.38,2
479,2026-08-26 21:32:00,Completed,7.08,1
480,2026-08-26 19:54:00,Completed,15.48,3
481,2026-08-26 19:24:00,Completed,16.24,1
482,2026-08-26 14:34:00,Completed,7.24,1
483,2026-08-26 19:39:00,Completed,6.34,1
484,2026-08-26 16:31:00,Completed,25.69,1
485,2026-08-26 12:10:00,Completed,9.73,3
486,2026-08-26 14:56:00,Completed,7.63,2
487,2026-08-26 17:31:00,Completed,7.3,1
488,2026-08-26 20:08:00,Completed,13.06,5
489,2026-08-26 20:51:00,Completed,33.42,3
490,2026-08-26 10:32:00,Completed,17.09,4
491,2026-08-26 13:34:00,Completed,20.12,2
492,2026-08-26 21:40:00,Completed,33.98,5
493,2026-08-26 20:52:00,Completed,7.89,5
494,2026-08-26 21:11:00,Completed,11.89,1
495,2026-08-26 20:02:00,Completed,30.0,2
496,2026-08-26 12:09:00,Completed,7.53,1
497,2026-08-26 21:54:00,Completed,34.15,4
498,2026-08-26 11:16:00,Completed,8.44,1
499,2026-08-26 20:16:00,Completed,28.88,3
500,2026-08-26 10:28:00,Completed,5.21,3
501,2026-08-26 14:42:00,Completed,26.55,4
502,2026-08-26 11:15:00,Completed,23.17,4
503,2026-08-26 16:04:00,Completed,18.21,3
504,2026-08-26 19:05:00,Completed,21.49,2
505,2026-08-26 14:06:00,Completed,14.87,4
506,2026-08-26 13:01:00,Completed,28.71,1
507,2026-08-26 19:02:00,Completed,8.21,3
508,2026-08-26 15:03:00,Completed,30.5,4
509,2026-08-26 20:35:00,Completed,7.68,5
510,2026-08-26 10:15:00,Completed,26.75,2
511,2026-08-26 13:48:00,Completed,7.93,3
512,2026-08-26 17:28:00,Completed,8.19,2
513,2026-08-26 21:01:00,Completed,34.08,3
514,2026-08-26 19:57:00,Completed,14.48,1
515,2026-08-26 15:17:00,Completed,28.96,5
516,2026-08-26 16:04:00,Completed,18.88,5
517,2026-08-26 17:38:00,Completed,14.2,2
518,2026-08-26 21:32:00,Completed,11.95,3
519,2026-08-26 17:55:00,Completed,15.53,1
520,2026-08-26 11:40:00,Completed,5.02,3
521,2026-08-26 21:40:00,Completed,19.92,5
522,2026-08-26 17:59:00,Completed,29.63,3
523,2026-08-26 17:33:00,Completed,16.07,5
524,2026-08-26 18:57:00,Completed,25.65,2
525,2026-08-26 11:03:00,Completed,32.8,1
526,2026-08-26 10:35:00,Completed,29.61,3
527,2026-08-26 14:34:00,Completed,29.62,3
528,2026-08-26 16:25:00,Completed,5.73,2
529,2026-08-26 11:03:00,Completed,7.12,4
530,2026-08-26 17:35:00,Completed,15.84,1
531,2026-08-26 19:32:00,Completed,30.62,1
532,2026-08-26 18:02:00,Completed,10.99,3
533,2026-08-26 15:44:00,Completed,29.31,3
534,2026-08-26 10:25:00,Completed,27.2,2
535,2026-08-26 13:28:00,Completed,20.73,3
536,2026-08-26 13:54:00,Completed,13.82,3
537,2026-08-26 10:40:00,Completed,24.22,1
538,2026-08-26 13:43:00,Completed,10.29,2
539,2026-08-26 19:27:00,Completed,25.98,5
540,2026-08-26 16:56:00,Completed,21.02,1
541,2026-08-26 19:58:00,Completed,26.16,2
542,2026-08-26 18:50:00,Completed,18.09,5
543,2026-08-26 15:34:00,Completed,11.46,1
544,2026-08-26 12:07:00,Completed,27.25,2
545,2026-08-26 15:02:00,Completed,28.66,2
546,2026-08-26 13:05:00,Completed,35.0,3
547,2026-08-26 17:04:00,Completed,24.93,4
548,2026-08-26 17:09:00,Completed,12.99,3
549,2026-08-26 13:38:00,Completed,21.0,3
550,2026-08-26 18:25:00,Completed,17.78,1
551,2026-08-26 21:32:00,Completed,12.56,2
552,2026-08-26 20:36:00,Completed,6.08,2
553,2026-08-26 15:26:00,Completed,29.44,4
554,2026-08-26 15:46:00,Completed,15.06,1
555,2026-08-26 14:45:00,Completed,20.75,2
556,2026-08-26 10:53:00,Completed,21.05,2
557,2026-08-26 15:41:00,Completed,14.4,1
558,2026-08-26 10:05:00,Completed,26.05,2
559,2026-08-26 19:09:00,Completed,6.11,3
560,2026-08-26 10:02:00,Completed,28.34,4
561,2026-08-26 13:28:00,Completed,10.04,3
562,2026-08-26 21:42:00,Completed,13.74,5
563,2026-08-26 14:15:00,Completed,7.76,1
564,2026-08-26 19:24:00,Completed,16.46,1
565,2026-08-26 19:15:00,Completed,15.99,5
566,2026-08-26 15:23:00,Completed,16.21,5
567,2026-08-26 17:14:00,Completed,16.71,2
568,2026-08-26 21:33:00,Completed,20.1,2
569,2026-08-26 17:23:00,Completed,8.04,5
570,2026-08-26 18:27:00,Completed,27.57,4
571,2026-08-26 15:04:00,Completed,27.88,1
572,2026-08-26 20:01:00,Completed,27.35,3
573,2026-08-26 19:00:00,Completed,21.42,5
574,2026-08-26 18:40:00,Completed,13.35,5
575,2026-08-26 14:52:00,Completed,7.53,2
576,2026-08-26 12:30:00,Completed,15.84,5
577,2026-08-26 21:15:00,Completed,26.18,4
578,2026-08-26 21:44:00,Completed,23.27,5
579,2026-08-26 12:18:00,Completed,12.62,2
580,2026-08-26 10:06:00,Completed,18.27,4
581,2026-08-26 14:57:00,Completed,30.61,1
582,2026-08-26 14:39:00,Completed,8.41,1
583,2026-08-26 18:18:00,Completed,19.69,1
584,2026-08-26 10:52:00,Completed,9.31,2
585,2026-08-26 12:45:00,Completed,13.38,5
586,2026-08-26 18:21:00,Completed,17.29,4
587,2026-08-26 10:41:00,Completed,19.85,5
588,2026-08-26 12:41:00,Completed,7.0,5
589,2026-08-26 21:13:00,Completed,7.17,1
590,2026-08-26 10:15:00,Completed,30.77,1
591,2026-08-26 18:45:00,Completed,20.86,1
592,2026-08-26 10:47:00,Completed,34.65,4
593,2026-08-26 20:46:00,Completed,34.43,2
594,2026-08-26 19:15:00,Completed,31.55,4
595,2026-08-26 19:00:00,Completed,23.22,1
596,2026-08-26 16:40:00,Completed,23.8,1
597,2026-08-26 15:07:00,Completed,20.54,5
598,2026-08-26 21:46:00,Completed,23.34,3
599,2026-08-26 18:31:00,Completed,5.78,4
600,2026-08-26 14:20:00,Completed,28.38,4
601,2026-08-26 17:15:00,Completed,19.66,5
602,2026-08-26 19:48:00,Completed,26.37,1
603,2026-08-26 15:54:00,Completed,5.4,5
604,2026-08-26 12:54:00,Completed,13.91,1
605,2026-08-26 18:49:00,Completed,34.9,5
606,2026-08-26 16:30:00,Completed,7.14,4
607,2026-08-26 17:24:00,Completed,21.94,2
608,2026-08-26 19:14:00,Completed,23.74,2
609,2026-08-26 20:45:00,Completed,15.98,5
610,2026-08-26 16:14:00,Completed,5.14,4
611,2026-08-26 10:37:00,Completed,34.42,3
612,2026-08-26 13:49:00,Completed,12.39,4
613,2026-08-26 17:13:00,Completed,31.24,2
614,2026-08-26 17:55:00,Completed,15.58,1
615,2026-08-26 16:28:00,Completed,28.1,5
616,2026-08-26 15:27:00,Completed,15.31,5
617,2026-08-26 20:07:00,Completed,7.44,3
618,2026-08-26 21:52:00,Completed,32.65,1
619,2026-08-26 12:23:00,Completed,33.21,3
620,2026-08-26 10:59:00,Completed,32.49,2
621,2026-08-26 16:18:00,Completed,18.64,3
622,2026-08-26 17:26:00,Completed,19.82,1
623,2026-08-26 13:41:00,Completed,10.59,5
624,2026-08-26 20:21:00,Completed,34.22,5
625,2026-08-26 15:12:00,Completed,18.18,4
626,2026-08-26 16:24:00,Completed,12.1,1
627,2026-08-26 17:50:00,Completed,20.26,4
628,2026-08-26 21:06:00,Completed,32.62,5
629,2026-08-26 11:14:00,Completed,7.14,1
630,2026-08-26 21:46:00,Completed,27.32,2
631,2026-08-26 18:55:00,Completed,26.27,2
632,2026-08-26 13:49:00,Completed,33.47,2
633,2026-08-26 14:07:00,Completed,14.81,5
634,2026-08-26 14:13:00,Completed,18.2,4
635,2026-08-26 11:00:00,Completed,12.36,5
636,2026-08-26 20:36:00,Completed,30.73,5
637,2026-08-26 12:28:00,Completed,8.21,5
638,2026-08-26 17:41:00,Completed,14.77,3
639,2026-08-26 12:35:00,Completed,26.61,3
640,2026-08-26 15:35:00,Completed,14.02,1
641,2026-08-27 20:30:00,Completed,8.67,3
642,2026-08-27 18:59:00,Completed,16.06,4
643,2026-08-27 20:48:00,Completed,8.81,2
644,2026-08-27 14:28:00,Completed,20.09,2
645,2026-08-27 12:54:00,Completed,12.04,1
646,2026-08-27 19:18:00,Completed,32.84,4
647,2026-08-27 14:26:00,Completed,10.01,4
648,2026-08-27 18:44:00,Completed,30.79,3
649,2026-08-27 16:04:00,Completed,28.66,4
650,2026-08-27 20:58:00,Completed,34.44,3
651,2026-08-27 10:46:00,Completed,19.98,5
652,2026-08-27 19:32:00,Completed,23.89,2
653,2026-08-27 13:08:00,Completed,21.72,5
654,2026-08-27 17:20:00,Completed,14.65,2
655,2026-08-27 17:19:00,Completed,23.54,5
656,2026-08-27 10:10:00,Completed,8.9,4
657,2026-08-27 11:37:00,Completed,5.99,3
658,2026-08-27 17:12:00,Completed,9.49,2
659,2026-08-27 12:53:00,Completed,9.4,4
660,2026-08-27 16:34:00,Completed,17.2,4
661,2026-08-27 14:49:00,Completed,31.66,4
662,2026-08-27 10:29:00,Completed,25.48,2
663,2026-08-27 20:08:00,Completed,29.84,4
664,2026-08-27 20:59:00,Completed,26.92,4
665,2026-08-27 18:39:00,Completed,14.14,2
666,2026-08-27 12:20:00,Completed,27.52,2
667,2026-08-27 12:10:00,Completed,34.04,5
668,2026-08-27 18:45:00,Completed,24.33,2
669,2026-08-27 11:51:00,Completed,29.73,2
670,2026-08-27 14:59:00,Completed,13.27,5
671,2026-08-27 18:52:00,Completed,30.86,3
672,2026-08-27 17:06:00,Completed,15.89,4
673,2026-08-27 11:15:00,Completed,24.96,1
674,2026-08-27 12:35:00,Completed,32.68,3
675,2026-08-27 10:20:00,Completed,30.91,1
676,2026-08-27 14:51:00,Completed,20.04,3
677,2026-08-27 16:10:00,Completed,8.39,1
678,2026-08-27 19:22:00,Completed,26.56,4
679,2026-08-27 16:47:00,Completed,20.79,2
680,2026-08-27 18:57:00,Completed,23.89,1
681,2026-08-27 21:04:00,Completed,29.02,5
682,2026-08-27 16:18:00,Completed,10.03,4
683,2026-08-27 13:06:00,Completed,21.61,2
684,2026-08-27 20:28:00,Completed,16.46,2
685,2026-08-27 14:18:00,Completed,9.52,1
686,2026-08-27 17:51:00,Completed,29.86,5
687,2026-08-27 14:25:00,Completed,32.27,4
688,2026-08-27 14:41:00,Completed,9.03,1
689,2026-08-27 17:37:00,Completed,14.49,2
690,2026-08-27 17:30:00,Completed,12.5,3
691,2026-08-27 16:52:00,Completed,25.08,2
692,2026-08-27 20:53:00,Completed,6.6,1
693,2026-08-27 14:30:00,Completed,19.02,3
694,2026-08-27 20:20:00,Completed,30.17,3
695,2026-08-27 11:03:00,Completed,8.99,4
696,2026-08-27 10:17:00,Completed,6.49,5
697,2026-08-27 16:59:00,Completed,30.91,4
698,2026-08-27 20:50:00,Completed,25.4,2
699,2026-08-27 12:34:00,Completed,18.12,4
700,2026-08-27 16:08:00,Completed,10.69,1
701,2026-08-27 11:03:00,Completed,22.02,3
702,2026-08-27 13:23:00,Completed,5.7,1
703,2026-08-27 19:20:00,Completed,26.69,4
704,2026-08-27 20:27:00,Completed,20.55,2
705,2026-08-27 21:04:00,Completed,15.12,2
706,2026-08-27 19:39:00,Completed,24.8,4
707,2026-08-27 11:23:00,Completed,22.65,4
708,2026-08-27 19:04:00,Completed,31.08,5
709,2026-08-27 15:56:00,Completed,34.14,5
710,2026-08-27 13:11:00,Completed,6.64,2
711,2026-08-27 20:39:00,Completed,10.51,4
712,2026-08-27 11:32:00,Completed,7.09,3
713,2026-08-27 20:39:00,Completed,17.06,2
714,2026-08-27 12:25:00,Completed,34.91,5
715,2026-08-27 17:36:00,Completed,13.73,2
716,2026-08-27 19:33:00,Completed,25.42,2
717,2026-08-27 10:47:00,Completed,24.42,3
718,2026-08-27 14:37:00,Completed,26.62,4
719,2026-08-27 17:31:00,Completed,34.78,5
720,2026-08-27 12:47:00,Completed,15.15,4
721,2026-08-27 17:22:00,Completed,32.87,3
722,2026-08-27 15:53:00,Completed,19.75,5
723,2026-08-27 10:28:00,Completed,31.88,2
724,2026-08-27 20:31:00,Completed,7.51,4
725,2026-08-27 15:46:00,Completed,27.14,1
726,2026-08-27 13:36:00,Completed,5.5,4
727,2026-08-27 21:50:00,Completed,12.9,3
728,2026-08-27 15:35:00,Completed,20.02,4
729,2026-08-27 21:51:00,Completed,8.49,4
730,2026-08-27 17:27:00,Completed,25.96,2
731,2026-08-27 16:00:00,Completed,12.93,5
732,2026-08-27 16:22:00,Completed,26.25,4
733,2026-08-27 15:01:00,Completed,21.96,5
734,2026-08-27 20:52:00,Completed,9.14,4
735,2026-08-27 13:31:00,Completed,12.25,2
736,2026-08-27 11:01:00,Completed,8.98,5
737,2026-08-27 10:50:00,Completed,10.66,3
738,2026-08-27 11:05:00,Completed,21.45,1
739,2026-08-27 16:53:00,Completed,12.99,5
740,2026-08-27 21:41:00,Completed,7.19,5
741,2026-08-27 16:05:00,Completed,19.78,5
742,2026-08-27 14:16:00,Completed,9.88,2
743,2026-08-27 10:00:00,Completed,33.67,3
744,2026-08-27 12:42:00,Completed,27.04,5
745,2026-08-27 15:12:00,Completed,32.36,1
746,2026-08-27 20:59:00,Completed,30.15,4
747,2026-08-27 15:04:00,Completed,30.73,1
748,2026-08-27 10:05:00,Completed,25.82,3
749,2026-08-27 13:12:00,Completed,32.91,2
750,2026-08-27 21:22:00,Completed,11.47,3
751,2026-08-27 15:38:00,Completed,10.9,2
752,2026-08-27 16:36:00,Completed,7.41,5
753,2026-08-27 17:25:00,Completed,14.72,3
754,2026-08-27 19:49:00,Completed,33.0,4
755,2026-08-27 16:50:00,Completed,24.89,3
756,2026-08-27 15:08:00,Completed,16.67,4
757,2026-08-27 18:02:00,Completed,9.58,3
758,2026-08-27 15:29:00,Completed,15.12,1
759,2026-08-27 14:52:00,Completed,12.11,3
760,2026-08-27 18:56:00,Completed,25.86,5
761,2026-08-27 19:12:00,Completed,22.61,5
762,2026-08-27 14:33:00,Completed,28.61,3
763,2026-08-27 16:47:00,Completed,34.37,2
764,2026-08-27 12:55:00,Completed,9.15,1
765,2026-08-27 10:31:00,Completed,27.9,1
766,2026-08-27 21:53:00,Completed,6.61,2
767,2026-08-27 14:30:00,Completed,15.67,2
768,2026-08-27 14:52:00,Completed,25.14,2
769,2026-08-27 15:54:00,Completed,16.01,1
770,2026-08-27 21:49:00,Completed,26.41,5
771,2026-08-27 16:24:00,Completed,34.81,2
772,2026-08-27 14:25:00,Completed,32.73,1
773,2026-08-27 19:00:00,Completed,29.43,3
774,2026-08-27 11:16:00,Completed,5.42,1
775,2026-08-27 10:37:00,Completed,11.77,3
776,2026-08-27 19:13:00,Completed,19.96,5
777,2026-08-27 18:44:00,Completed,5.48,5
778,2026-08-27 15:55:00,Completed,32.46,5
779,2026-08-27 12:36:00,Completed,16.59,4
780,2026-08-27 16:07:00,Completed,19.87,5
781,2026-08-27 10:38:00,Completed,9.55,1
782,2026-08-27 12:05:00,Completed,22.87,3
783,2026-08-27 14:05:00,Completed,34.35,3
784,2026-08-27 13:08:00,Completed,17.8,1
785,2026-08-27 12:04:00,Completed,33.28,5
786,2026-08-27 21:09:00,Completed,21.45,5
787,2026-08-27 19:56:00,Completed,17.76,3
788,2026-08-27 13:23:00,Completed,5.04,2
789,2026-08-27 13:17:00,Completed,27.24,1
790,2026-08-27 15:16:00,Completed,21.09,2
791,2026-08-27 14:15:00,Completed,7.29,5
792,2026-08-27 21:06:00,Completed,30.67,1
793,2026-08-27 11:40:00,Completed,6.6,1
794,2026-08-27 10:36:00,Completed,33.68,4
795,2026-08-27 20:45:00,Completed,26.02,1
796,2026-08-27 14:43:00,Completed,8.99,3
797,2026-08-27 11:01:00,Completed,18.41,2
798,2026-08-27 19:20:00,Completed,7.38,1
799,2026-08-27 20:36:00,Completed,28.39,2
800,2026-08-27 17:15:00,Completed,22.77,2
801,2026-08-27 18:43:00,Completed,26.72,4
802,2026-08-27 10:12:00,Completed,7.45,4
803,2026-08-27 11:45:00,Completed,14.97,3
804,2026-08-27 21:31:00,Completed,13.29,5
805,2026-08-27 13:45:00,Completed,12.34,5
806,2026-08-27 19:41:00,Completed,31.41,5
807,2026-08-27 19:08:00,Completed,8.56,2
808,2026-08-27 10:16:00,Completed,30.6,5
809,2026-08-27 12:22:00,Completed,25.23,2
810,2026-08-27 18:10:00,Completed,26.43,4
811,2026-08-27 15:14:00,Completed,29.42,1
812,2026-08-27 14:59:00,Completed,33.56,1
813,2026-08-27 17:09:00,Completed,31.34,2
814,2026-08-27 21:41:00,Completed,27.25,2
815,2026-08-27 17:09:00,Completed,23.1,4
816,2026-08-27 11:59:00,Completed,33.06,4
817,2026-08-27 12:53:00,Completed,7.39,5
818,2026-08-27 15:37:00,Completed,9.01,5
819,2026-08-27 17:44:00,Completed,15.5,1
820,2026-08-27 12:01:00,Completed,28.85,5
821,2026-08-27 20:40:00,Completed,6.26,4
822,2026-08-27 13:43:00,Completed,30.11,4
823,2026-08-27 21:59:00,Completed,6.17,3
824,2026-08-27 21:54:00,Completed,16.19,1
825,2026-08-27 21:26:00,Completed,7.11,1
826,2026-08-27 12:29:00,Completed,8.37,4
827,2026-08-27 11:53:00,Completed,33.92,3
828,2026-08-27 18:02:00,Completed,29.65,5
829,2026-08-27 10:14:00,Completed,28.27,5
830,2026-08-27 15:10:00,Completed,34.66,3
831,2026-08-27 15:49:00,Completed,5.93,4
832,2026-08-27 19:57:00,Completed,27.58,4
833,2026-08-27 13:31:00,Completed,9.24,2
834,2026-08-27 20:01:00,Completed,7.75,4
835,2026-08-27 18:09:00,Completed,6.34,3
836,2026-08-27 15:34:00,Completed,15.05,1
837,2026-08-27 13:05:00,Completed,28.52,5
838,2026-08-27 10:07:00,Completed,6.19,5
839,2026-08-27 11:53:00,Completed,23.97,1
840,2026-08-27 19:51:00,Completed,34.0,3
841,2026-08-28 15:38:00,Completed,30.3,5
842,2026-08-28 12:19:00,Completed,14.77,3
843,2026-08-28 21:39:00,Completed,23.87,3
844,2026-08-28 17:34:00,Completed,8.74,4
845,2026-08-28 13:48:00,Completed,27.76,4
846,2026-08-28 19:49:00,Completed,27.26,2
847,2026-08-28 18:07:00,Completed,19.76,5
848,2026-08-28 11:14:00,Completed,16.04,5
849,2026-08-28 17:16:00,Completed,16.51,3
850,2026-08-28 14:59:00,Completed,11.81,4
851,2026-08-28 17:15:00,Completed,22.43,5
852,2026-08-28 11:04:00,Completed,22.42,1
853,2026-08-28 17:13:00,Completed,19.99,3
854,2026-08-28 10:20:00,Completed,25.12,3
855,2026-08-28 13:06:00,Completed,29.4,4
856,2026-08-28 19:47:00,Completed,29.7,4
857,2026-08-28 13:13:00,Completed,20.58,1
858,2026-08-28 20:26:00,Completed,6.42,4
859,2026-08-28 21:04:00,Completed,32.89,2
860,2026-08-28 11:26:00,Completed,8.74,1
861,2026-08-28 13:12:00,Completed,30.64,2
862,2026-08-28 18:19:00,Completed,34.31,1
863,2026-08-28 14:51:00,Completed,30.76,4
864,2026-08-28 20:15:00,Completed,24.6,2
865,2026-08-28 12:56:00,Completed,23.78,2
866,2026-08-28 13:12:00,Completed,17.74,5
867,2026-08-28 21:52:00,Completed,34.92,1
868,2026-08-28 15:45:00,Completed,32.22,3
869,2026-08-28 20:54:00,Completed,6.65,2
870,2026-08-28 19:24:00,Completed,28.0,3
871,2026-08-28 14:39:00,Completed,27.3,1
872,2026-08-28 14:07:00,Completed,7.25,4
873,2026-08-28 12:58:00,Completed,16.62,1
874,2026-08-28 16:40:00,Completed,6.92,1
875,2026-08-28 21:00:00,Completed,33.68,1
876,2026-08-28 13:13:00,Completed,30.03,4
877,2026-08-28 19:34:00,Completed,30.04,3
878,2026-08-28 14:07:00,Completed,33.51,5
879,2026-08-28 15:48:00,Completed,29.06,5
880,2026-08-28 20:55:00,Completed,15.4,5
881,2026-08-28 20:26:00,Completed,23.03,4
882,2026-08-28 20:59:00,Completed,25.95,4
883,2026-08-28 19:53:00,Completed,14.86,2
884,2026-08-28 10:14:00,Completed,20.86,1
885,2026-08-28 15:19:00,Completed,10.15,4
886,2026-08-28 15:40:00,Completed,33.03,5
887,2026-08-28 21:32:00,Completed,9.36,4
888,2026-08-28 19:51:00,Completed,33.5,5
889,2026-08-28 10:33:00,Completed,24.89,4
890,2026-08-28 20:40:00,Completed,22.69,1
891,2026-08-28 15:49:00,Completed,15.76,5
892,2026-08-28 21:38:00,Completed,10.36,2
893,2026-08-28 10:51:00,Completed,25.14,3
894,2026-08-28 17:36:00,Completed,25.89,2
895,2026-08-28 18:05:00,Completed,23.69,1
896,2026-08-28 17:15:00,Completed,26.93,2
897,2026-08-28 13:03:00,Completed,26.97,4
898,2026-08-28 11:47:00,Completed,17.41,2
899,2026-08-28 19:33:00,Completed,34.92,1
900,2026-08-28 11:29:00,Completed,6.86,1
901,2026-08-28 20:24:00,Completed,11.21,2
902,2026-08-28 19:10:00,Completed,22.24,3
903,2026-08-28 10:50:00,Completed,12.65,1
904,2026-08-28 16:37:00,Completed,7.88,3
905,2026-08-28 10:17:00,Completed,28.93,2
906,2026-08-28 18:23:00,Completed,16.87,1
907,2026-08-28 10:50:00,Completed,6.11,1
908,2026-08-28 13:59:00,Completed,21.68,4
909,2026-08-28 14:46:00,Completed,6.7,5
910,2026-08-28 13:07:00,Completed,28.83,5
911,2026-08-28 16:24:00,Completed,31.62,2
912,2026-08-28 12:37:00,Completed,29.67,5
913,2026-08-28 13:16:00,Completed,32.45,1
914,2026-08-28 13:32:00,Completed,28.23,1
915,2026-08-28 18:54:00,Completed,10.0,3
916,2026-08-28 11:05:00,Completed,23.06,3
917,2026-08-28 13:29:00,Completed,24.91,1
918,2026-08-28 11:17:00,Completed,13.26,4
919,2026-08-28 16:55:00,Completed,16.38,2
920,2026-08-28 19:52:00,Completed,7.8,3
921,2026-08-28 14:01:00,Completed,13.44,5
922,2026-08-28 20:40:00,Completed,20.68,4
923,2026-08-28 18:55:00,Completed,9.96,1
924,2026-08-28 20:59:00,Completed,28.01,2
925,2026-08-28 15:50:00,Completed,29.95,5
926,2026-08-28 12:37:00,Completed,21.14,2
927,2026-08-28 17:38:00,Completed,26.88,4
928,2026-08-28 18:02:00,Completed,17.54,5
929,2026-08-28 21:26:00,Completed,13.55,4
930,2026-08-28 11:32:00,Completed,27.79,5
931,2026-08-28 12:02:00,Completed,29.08,3
932,2026-08-28 18:19:00,Completed,29.23,5
933,2026-08-28 20:04:00,Completed,29.24,5
934,2026-08-28 21:29:00,Completed,12.4,1
935,2026-08-28 20:31:00,Completed,34.82,5
936,2026-08-28 20:05:00,Completed,7.67,5
937,2026-08-28 21:47:00,Completed,9.71,1
938,2026-08-28 13:04:00,Completed,22.36,2
939,2026-08-28 18:44:00,Completed,11.09,3
940,2026-08-28 15:39:00,Completed,5.86,2
941,2026-08-28 21:39:00,Completed,17.51,3
942,2026-08-28 15:37:00,Completed,13.76,3
943,2026-08-28 19:43:00,Completed,27.57,1
944,2026-08-28 17:15:00,Completed,11.56,4
945,2026-08-28 13:39:00,Completed,11.32,5
946,2026-08-28 20:02:00,Completed,27.38,3
947,2026-08-28 11:23:00,Completed,24.68,3
948,2026-08-28 15:05:00,Completed,33.19,1
949,2026-08-28 15:29:00,Completed,5.81,1
950,2026-08-28 12:27:00,Completed,27.22,2
951,2026-08-28 10:21:00,Completed,8.99,4
952,2026-08-28 13:54:00,Completed,24.1,4
953,2026-08-28 19:36:00,Completed,18.78,5
954,2026-08-28 19:58:00,Completed,12.63,2
955,2026-08-28 20:54:00,Completed,28.86,3
956,2026-08-28 13:10:00,Completed,15.45,2
957,2026-08-28 14:43:00,Completed,25.66,4
958,2026-08-28 15:16:00,Completed,26.79,2
959,2026-08-28 14:28:00,Completed,17.27,5
960,2026-08-28 10:07:00,Completed,25.92,5
961,2026-08-28 17:42:00,Completed,9.34,4
962,2026-08-28 10:12:00,Completed,5.25,5
963,2026-08-28 18:28:00,Completed,21.89,4
964,2026-08-28 11:02:00,Completed,11.66,4
965,2026-08-28 16:26:00,Completed,23.26,2
966,2026-08-28 20:09:00,Completed,27.13,2
967,2026-08-28 14:24:00,Completed,8.42,1
968,2026-08-28 14:48:00,Completed,34.68,1
969,2026-08-28 19:27:00,Completed,31.39,2
970,2026-08-28 11:05:00,Completed,32.99,2
971,2026-08-28 19:55:00,Completed,34.13,4
972,2026-08-28 10:47:00,Completed,14.63,1
973,2026-08-28 14:07:00,Completed,8.44,5
974,2026-08-28 20:36:00,Completed,25.39,3
975,2026-08-28 13:17:00,Completed,17.09,5
976,2026-08-28 12:18:00,Completed,18.99,5
977,2026-08-28 10:30:00,Completed,33.63,4
978,2026-08-28 15:11:00,Completed,6.91,5
979,2026-08-28 13:39:00,Completed,24.36,3
980,2026-08-28 16:20:00,Completed,30.95,1
981,2026-08-28 14:23:00,Completed,26.79,5
982,2026-08-28 17:28:00,Completed,18.75,5
983,2026-08-28 15:04:00,Completed,18.21,3
984,2026-08-28 20:52:00,Completed,22.87,5
985,2026-08-28 12:40:00,Completed,29.39,4
986,2026-08-28 18:20:00,Completed,19.97,2
987,2026-08-28 18:25:00,Completed,34.4,3
988,2026-08-28 19:04:00,Completed,6.47,1
989,2026-08-28 17:02:00,Completed,26.54,4
990,2026-08-28 18:40:00,Completed,26.88,3
991,2026-08-28 10:52:00,Completed,14.5,5
992,2026-08-28 21:39:00,Completed,25.04,1
993,2026-08-28 13:15:00,Completed,34.28,3
994,2026-08-28 17:58:00,Completed,24.79,4
995,2026-08-28 14:45:00,Completed,10.06,1
996,2026-08-28 17:14:00,Completed,31.1,4
997,2026-08-28 10:53:00,Completed,8.97,3
998,2026-08-28 10:46:00,Completed,24.73,2
999,2026-08-28 10:44:00,Completed,23.36,2
1000,2026-08-28 21:42:00,Completed,22.41,1
1001,2026-08-28 18:07:00,Completed,12.92,3
1002,2026-08-28 10:34:00,Completed,20.66,5
1003,2026-08-28 20:41:00,Completed,14.59,3
1004,2026-08-28 16:08:00,Completed,31.01,2
1005,2026-08-28 19:31:00,Completed,18.46,1
1006,2026-08-28 12:41:00,Completed,14.22,5
1007,2026-08-28 14:41:00,Completed,30.26,3
1008,2026-08-28 12:43:00,Completed,6.62,3
1009,2026-08-28 15:54:00,Completed,27.29,4
1010,2026-08-28 11:16:00,Completed,27.09,1
1011,2026-08-28 20:27:00,Completed,15.26,1
1012,2026-08-28 15:38:00,Completed,22.0,2
1013,2026-08-28 12:56:00,Completed,29.93,4
1014,2026-08-28 19:38:00,Completed,14.84,2
1015,2026-08-28 11:04:00,Completed,14.4,3
1016,2026-08-28 18:38:00,Completed,8.52,2
1017,2026-08-28 18:30:00,Completed,11.21,1
1018,2026-08-28 11:17:00,Completed,20.14,3
1019,2026-08-28 20:58:00,Completed,28.6,4
1020,2026-08-28 15:37:00,Completed,11.31,4
1021,2026-08-28 20:06:00,Completed,27.88,5
1022,2026-08-28 18:07:00,Completed,24.31,1
1023,2026-08-28 15:10:00,Completed,17.07,1
1024,2026-08-28 17:48:00,Completed,26.86,3
1025,2026-08-28 17:01:00,Completed,16.35,4
1026,2026-08-28 14:24:00,Completed,26.56,4
1027,2026-08-28 18:11:00,Completed,24.82,3
1028,2026-08-28 10:59:00,Completed,6.62,1
1029,2026-08-28 13:31:00,Completed,9.34,4
1030,2026-08-28 10:31:00,Completed,21.75,5
1031,2026-08-28 18:11:00,Completed,13.47,1
1032,2026-08-28 11:03:00,Completed,20.36,1
1033,2026-08-28 19:53:00,Completed,28.43,5
1034,2026-08-28 18:32:00,Completed,9.37,3
1035,2026-08-28 10:15:00,Completed,13.26,4
1036,2026-08-28 13:08:00,Completed,26.29,3
1037,2026-08-28 11:00:00,Completed,12.94,1
1038,2026-08-28 20:53:00,Completed,17.56,4
1039,2026-08-28 17:02:00,Completed,22.04,3
1040,2026-08-28 17:29:00,Completed,33.09,1
1041,2026-08-28 19:25:00,Completed,9.98,3
1042,2026-08-28 11:23:00,Completed,20.59,2
1043,2026-08-28 19:38:00,Completed,13.63,1
1044,2026-08-28 19:02:00,Completed,15.82,3
1045,2026-08-28 21:18:00,Completed,21.27,1
1046,2026-08-28 11:26:00,Completed,10.95,1
1047,2026-08-28 20:13:00,Completed,21.05,4
1048,2026-08-28 19:54:00,Completed,24.28,3
1049,2026-08-28 13:19:00,Completed,34.64,4
1050,2026-08-28 15:46:00,Completed,7.45,2
1051,2026-08-28 19:53:00,Completed,14.6,3
1052,2026-08-28 10:00:00,Completed,5.55,5
1053,2026-08-28 13:14:00,Completed,15.55,2
1054,2026-08-28 13:15:00,Completed,20.87,1
1055,2026-08-28 17:18:00,Completed,27.24,4
1056,2026-08-28 17:04:00,Completed,22.87,2
1057,2026-08-28 20:26:00,Completed,34.21,4
1058,2026-08-28 14:49:00,Completed,20.1,2
1059,2026-08-28 17:05:00,Completed,5.69,4
1060,2026-08-28 17:51:00,Completed,31.8,4
1061,2026-08-28 18:21:00,Completed,34.62,3
1062,2026-08-28 17:55:00,Completed,8.46,3
1063,2026-08-28 13:48:00,Completed,20.13,4
1064,2026-08-28 14:19:00,Completed,15.51,1
1065,2026-08-28 15:48:00,Completed,21.67,3
1066,2026-08-28 19:45:00,Completed,5.2,2
1067,2026-08-28 17:33:00,Completed,18.22,3
1068,2026-08-29 14:03:00,Completed,24.72,5
1069,2026-08-29 18:15:00,Completed,17.05,4
1070,2026-08-29 12:01:00,Completed,17.94,5
1071,2026-08-29 15:10:00,Completed,10.85,3
1072,2026-08-29 15:08:00,Completed,7.78,1
1073,2026-08-29 20:37:00,Completed,34.08,2
1074,2026-08-29 20:45:00,Completed,34.23,5
1075,2026-08-29 15:44:00,Completed,5.1,5
1076,2026-08-29 16:21:00,Completed,13.28,1
1077,2026-08-29 11:40:00,Completed,31.21,5
1078,2026-08-29 17:36:00,Completed,22.1,1
1079,2026-08-29 16:10:00,Completed,5.21,3
1080,2026-08-29 14:26:00,Completed,30.81,4
1081,2026-08-29 12:27:00,Completed,7.84,5
1082,2026-08-29 20:24:00,Completed,8.0,4
1083,2026-08-29 12:57:00,Completed,16.24,1
1084,2026-08-29 17:47:00,Completed,17.94,1
1085,2026-08-29 18:23:00,Completed,11.64,1
1086,2026-08-29 13:22:00,Completed,5.86,3
1087,2026-08-29 14:18:00,Completed,20.37,2
1088,2026-08-29 11:37:00,Completed,21.18,3
1089,2026-08-29 20:34:00,Completed,31.08,5
1090,2026-08-29 10:52:00,Completed,8.19,5
1091,2026-08-29 20:39:00,Completed,31.72,4
1092,2026-08-29 13:06:00,Completed,29.16,4
1093,2026-08-29 11:38:00,Completed,24.67,3
1094,2026-08-29 11:27:00,Completed,5.1,3
1095,2026-08-29 18:48:00,Completed,10.49,1
1096,2026-08-29 10:17:00,Completed,26.45,4
1097,2026-08-29 10:50:00,Completed,14.93,3
1098,2026-08-29 19:18:00,Completed,11.47,1
1099,2026-08-29 18:54:00,Completed,23.31,5
1100,2026-08-29 15:46:00,Completed,22.67,2
1101,2026-08-29 18:41:00,Completed,19.27,1
1102,2026-08-29 16:24:00,Completed,8.37,2
1103,2026-08-29 20:25:00,Completed,33.52,2
1104,2026-08-29 21:48:00,Completed,30.06,4
1105,2026-08-29 18:46:00,Completed,30.53,1
1106,2026-08-29 10:22:00,Completed,31.18,5
1107,2026-08-29 13:37:00,Completed,20.57,4
1108,2026-08-29 18:53:00,Completed,21.19,1
1109,2026-08-29 19:00:00,Completed,34.28,3
1110,2026-08-29 18:12:00,Completed,26.39,1
1111,2026-08-29 16:02:00,Completed,29.85,5
1112,2026-08-29 17:17:00,Completed,7.92,4
1113,2026-08-29 13:04:00,Completed,10.87,4
1114,2026-08-29 14:12:00,Completed,17.92,4
1115,2026-08-29 10:21:00,Completed,25.47,3
1116,2026-08-29 16:17:00,Completed,20.92,2
1117,2026-08-29 17:20:00,Completed,14.26,1
1118,2026-08-29 18:11:00,Completed,13.68,2
1119,2026-08-29 18:09:00,Completed,33.44,2
1120,2026-08-29 21:55:00,Completed,21.79,1
1121,2026-08-29 21:08:00,Completed,32.88,2
1122,2026-08-29 18:16:00,Completed,8.69,5
1123,2026-08-29 18:51:00,Completed,27.05,3
1124,2026-08-29 12:39:00,Completed,25.7,4
1125,2026-08-29 20:38:00,Completed,30.24,5
1126,2026-08-29 13:38:00,Completed,27.2,4
1127,2026-08-29 12:54:00,Completed,19.13,5
1128,2026-08-29 12:42:00,Completed,7.15,1
1129,2026-08-29 13:54:00,Completed,23.41,2
1130,2026-08-29 16:54:00,Completed,13.49,5
1131,2026-08-29 21:41:00,Completed,31.8,3
1132,2026-08-29 12:10:00,Completed,30.5,1
1133,2026-08-29 19:49:00,Completed,21.62,2
1134,2026-08-29 17:14:00,Completed,17.51,4
1135,2026-08-29 21:24:00,Completed,30.3,3
1136,2026-08-29 13:25:00,Completed,23.56,2
1137,2026-08-29 16:29:00,Completed,29.47,5
1138,2026-08-29 18:06:00,Completed,7.67,4
1139,2026-08-29 15:11:00,Completed,15.71,1
1140,2026-08-29 19:10:00,Completed,32.64,4
1141,2026-08-29 15:35:00,Completed,33.03,2
1142,2026-08-29 12:50:00,Completed,28.1,2
1143,2026-08-29 11:43:00,Completed,31.69,1
1144,2026-08-29 19:56:00,Completed,6.77,1
1145,2026-08-29 20:50:00,Completed,11.04,1
1146,2026-08-29 20:58:00,Completed,8.18,1
1147,2026-08-29 17:29:00,Completed,16.12,2
1148,2026-08-29 16:29:00,Completed,34.88,5
1149,2026-08-29 18:55:00,Completed,29.43,3
1150,2026-08-29 10:54:00,Completed,8.36,2
1151,2026-08-29 16:08:00,Completed,30.83,3
1152,2026-08-29 14:46:00,Completed,29.28,4
1153,2026-08-29 20:21:00,Completed,11.43,4
1154,2026-08-29 13:41:00,Completed,16.17,2
1155,2026-08-29 14:48:00,Completed,18.54,5
1156,2026-08-29 13:05:00,Completed,11.81,3
1157,2026-08-29 10:13:00,Completed,11.7,4
1158,2026-08-29 21:33:00,Completed,5.86,2
1159,2026-08-29 16:03:00,Completed,8.56,5
1160,2026-08-29 21:06:00,Completed,19.15,3
1161,2026-08-29 15:31:00,Completed,27.07,2
1162,2026-08-29 11:13:00,Completed,11.98,2
1163,2026-08-29 21:31:00,Completed,8.67,3
1164,2026-08-29 21:44:00,Completed,29.79,1
1165,2026-08-29 10:31:00,Completed,5.18,1
1166,2026-08-29 15:36:00,Completed,11.71,3
1167,2026-08-29 10:30:00,Completed,9.85,3
1168,2026-08-29 16:32:00,Completed,34.29,5
1169,2026-08-29 18:02:00,Completed,33.31,5
1170,2026-08-29 18:46:00,Completed,17.18,1
1171,2026-08-29 20:18:00,Completed,8.59,4
1172,2026-08-29 12:16:00,Completed,13.15,3
1173,2026-08-29 10:07:00,Completed,23.52,1
1174,2026-08-29 12:39:00,Completed,18.6,2
1175,2026-08-29 21:21:00,Completed,22.71,5
1176,2026-08-30 10:02:00,Completed,7.92,2
1177,2026-08-30 12:09:00,Completed,14.38,3
1178,2026-08-30 11:34:00,Completed,5.18,1
1179,2026-08-30 18:22:00,Completed,25.87,1
1180,2026-08-30 15:22:00,Completed,25.4,3
1181,2026-08-30 15:37:00,Completed,27.68,5
1182,2026-08-30 12:42:00,Completed,14.76,5
1183,2026-08-30 13:24:00,Completed,15.41,1
1184,2026-08-30 10:17:00,Completed,17.54,5
1185,2026-08-30 14:21:00,Completed,26.31,5
1186,2026-08-30 16:34:00,Completed,13.57,4
1187,2026-08-30 20:03:00,Completed,33.62,4
1188,2026-08-30 20:40:00,Completed,7.98,5
1189,2026-08-30 12:47:00,Completed,10.82,5
1190,2026-08-30 15:02:00,Completed,10.72,4
1191,2026-08-30 20:21:00,Completed,10.62,1
1192,2026-08-30 15:10:00,Completed,14.02,1
1193,2026-08-30 18:25:00,Completed,11.34,2
1194,2026-08-30 13:52:00,Completed,13.86,3
1195,2026-08-30 16:54:00,Completed,5.67,1
1196,2026-08-30 10:49:00,Completed,28.1,2
1197,2026-08-30 17:19:00,Completed,31.04,1
1198,2026-08-30 12:08:00,Completed,13.85,3
1199,2026-08-30 21:36:00,Completed,31.89,1
1200,2026-08-30 18:26:00,Completed,12.75,4
1201,2026-08-30 15:41:00,Completed,13.15,2
1202,2026-08-30 20:49:00,Completed,6.8,5
1203,2026-08-30 18:35:00,Completed,34.39,1
1204,2026-08-30 18:30:00,Completed,27.92,1
1205,2026-08-30 19:58:00,Completed,32.11,1
1206,2026-08-30 19:07:00,Completed,23.68,5
1207,2026-08-30 19:34:00,Completed,14.3,5
1208,2026-08-30 17:59:00,Completed,11.07,5
1209,2026-08-30 14:30:00,Completed,31.38,1
1210,2026-08-30 14:05:00,Completed,20.73,4
1211,2026-08-30 11:15:00,Completed,5.46,5
1212,2026-08-30 11:33:00,Completed,26.2,4
1213,2026-08-30 20:55:00,Completed,6.79,4
1214,2026-08-30 17:37:00,Completed,22.47,3
1215,2026-08-30 18:50:00,Completed,17.23,2
1216,2026-08-30 21:57:00,Completed,13.31,3
1217,2026-08-30 13:21:00,Completed,32.8,2
1218,2026-08-30 15:25:00,Completed,29.19,1
1219,2026-08-30 18:30:00,Completed,27.17,1
1220,2026-08-30 13:19:00,Completed,5.75,4
1221,2026-08-30 21:05:00,Completed,19.58,4
1222,2026-08-30 20:11:00,Completed,7.91,3
1223,2026-08-30 17:32:00,Completed,34.03,1
1224,2026-08-30 18:17:00,Completed,33.37,4
1225,2026-08-30 18:42:00,Completed,7.59,5
1226,2026-08-30 15:57:00,Completed,13.47,5
1227,2026-08-30 16:42:00,Completed,9.66,1
1228,2026-08-30 10:04:00,Completed,34.18,1
1229,2026-08-30 11:19:00,Completed,23.45,3
1230,2026-08-30 10:54:00,Completed,29.84,4
1231,2026-08-30 21:41:00,Completed,33.51,2
1232,2026-08-30 12:29:00,Completed,16.59,3
1233,2026-08-30 19:43:00,Completed,14.95,3
1234,2026-08-30 18:04:00,Completed,25.0,2
1235,2026-08-30 12:33:00,Completed,17.41,4
1236,2026-08-30 15:51:00,Completed,9.24,5
1237,2026-08-30 20:35:00,Completed,27.78,3
1238,2026-08-30 11:26:00,Completed,29.29,5
1239,2026-08-30 14:32:00,Completed,20.27,1
1240,2026-08-30 19:34:00,Completed,6.43,4
1241,2026-08-30 15:12:00,Completed,8.27,5
1242,2026-08-30 10:46:00,Completed,34.16,2
1243,2026-08-30 19:36:00,Completed,31.3,4
1244,2026-08-30 17:42:00,Completed,10.14,5
1245,2026-08-30 21:47:00,Completed,17.26,1
1246,2026-08-30 10:22:00,Completed,34.56,2
1247,2026-08-30 16:27:00,Completed,9.14,5
1248,2026-08-30 13:30:00,Completed,26.92,3
1249,2026-08-30 13:49:00,Completed,12.79,4
1250,2026-08-30 16:55:00,Completed,31.11,5
1251,2026-08-30 14:25:00,Completed,22.57,2
1252,2026-08-30 17:23:00,Completed,30.36,1
1253,2026-08-30 11:06:00,Completed,7.91,2
1254,2026-08-30 11:15:00,Completed,24.37,3
1255,2026-08-30 20:17:00,Completed,25.91,2
1256,2026-08-30 13:42:00,Completed,6.39,4
1257,2026-08-30 17:39:00,Completed,17.45,4
1258,2026-08-30 12:26:00,Completed,31.74,4
1259,2026-08-30 17:43:00,Completed,18.66,3
1260,2026-08-30 21:48:00,Completed,10.06,2
1261,2026-08-30 17:33:00,Completed,12.15,1
1262,2026-08-30 11:28:00,Completed,8.05,1
1263,2026-08-30 14:05:00,Completed,29.14,4
1264,2026-08-30 10:57:00,Completed,6.09,4
1265,2026-08-30 19:01:00,Completed,16.56,5
1266,2026-08-30 21:57:00,Completed,24.9,2
1267,2026-08-30 15:03:00,Completed,8.92,3
1268,2026-08-30 11:56:00,Completed,14.0,2
1269,2026-08-30 19:48:00,Completed,10.21,2
1270,2026-08-30 21:45:00,Completed,15.8,3
1271,2026-08-30 15:29:00,Completed,15.95,4
1272,2026-08-30 16:53:00,Completed,6.55,5
1273,2026-08-30 21:29:00,Completed,22.24,3
1274,2026-08-30 18:28:00,Completed,11.58,2
1275,2026-08-30 13:47:00,Completed,31.66,1
1276,2026-08-31 18:30:00,Completed,19.18,5
1277,2026-08-31 15:32:00,Completed,20.75,1
1278,2026-08-31 19:24:00,Completed,20.81,2
1279,2026-08-31 10:04:00,Completed,18.73,2
1280,2026-08-31 19:49:00,Completed,27.4,2
1281,2026-08-31 16:52:00,Completed,21.9,4
1282,2026-08-31 19:12:00,Completed,10.77,5
1283,2026-08-31 10:03:00,Completed,27.4,1
1284,2026-08-31 21:15:00,Completed,11.01,3
1285,2026-08-31 17:50:00,Completed,10.96,5
1286,2026-08-31 21:23:00,Completed,30.33,5
1287,2026-08-31 14:42:00,Completed,27.59,5
1288,2026-08-31 12:16:00,Completed,6.75,3
1289,2026-08-31 13:19:00,Completed,22.93,1
1290,2026-08-31 17:29:00,Completed,20.34,4
1291,2026-08-31 13:24:00,Completed,5.68,3
1292,2026-08-31 12:56:00,Completed,18.15,4
1293,2026-08-31 19:43:00,Completed,6.15,2
1294,2026-08-31 10:37:00,Completed,34.39,5
1295,2026-08-31 10:50:00,Completed,26.86,3
1296,2026-08-31 20:49:00,Completed,30.24,2
1297,2026-08-31 11:10:00,Completed,24.92,2
1298,2026-08-31 11:49:00,Completed,22.02,4
1299,2026-08-31 17:20:00,Completed,11.56,1
1300,2026-08-31 21:29:00,Completed,33.21,5
1301,2026-08-31 10:34:00,Completed,33.3,2
1302,2026-08-31 15:54:00,Completed,21.51,5
1303,2026-08-31 13:17:00,Completed,30.35,1
1304,2026-08-31 12:33:00,Completed,12.15,4
1305,2026-08-31 13:25:00,Completed,31.6,3
1306,2026-08-31 17:51:00,Completed,11.57,1
1307,2026-08-31 19:54:00,Completed,7.95,4
1308,2026-08-31 18:53:00,Completed,9.98,4
1309,2026-08-31 20:42:00,Completed,5.08,5
1310,2026-08-31 16:53:00,Completed,28.08,3
1311,2026-08-31 13:28:00,Completed,25.85,3
1312,2026-08-31 11:23:00,Completed,6.93,1
1313,2026-08-31 15:17:00,Completed,26.53,2
1314,2026-08-31 13:03:00,Completed,11.49,5
1315,2026-08-31 16:03:00,Completed,30.09,4
1316,2026-08-31 13:56:00,Completed,28.71,5
1317,2026-08-31 18:54:00,Completed,14.63,1
1318,2026-08-31 16:33:00,Completed,17.54,1
1319,2026-08-31 13:55:00,Completed,30.24,3
1320,2026-08-31 19:15:00,Completed,11.51,3
1321,2026-08-31 18:54:00,Completed,23.54,4
1322,2026-08-31 18:29:00,Completed,8.18,1
1323,2026-08-31 11:44:00,Completed,28.79,2
1324,2026-08-31 17:00:00,Completed,10.32,2
1325,2026-08-31 19:09:00,Completed,19.18,4
1326,2026-08-31 15:01:00,Completed,34.52,2
1327,2026-08-31 11:02:00,Completed,18.62,2
1328,2026-08-31 10:01:00,Completed,32.75,1
1329,2026-08-31 16:08:00,Completed,12.61,1
1330,2026-08-31 14:16:00,Completed,23.1,2
1331,2026-08-31 11:23:00,Completed,30.65,4
1332,2026-08-31 14:33:00,Completed,30.5,4
1333,2026-08-31 15:07:00,Completed,24.52,5
1334,2026-08-31 17:21:00,Completed,32.65,5
1335,2026-08-31 14:51:00,Completed,33.64,2
1336,2026-08-31 18:40:00,Completed,19.59,4
1337,2026-08-31 20:41:00,Completed,32.24,5
1338,2026-08-31 17:32:00,Completed,26.86,3
1339,2026-08-31 13:19:00,Completed,31.75,2
1340,2026-08-31 12:30:00,Completed,24.96,1
1341,2026-08-31 21:34:00,Completed,14.78,3
1342,2026-08-31 21:00:00,Completed,28.63,3
1343,2026-08-31 13:25:00,Completed,10.1,3
1344,2026-08-31 21:55:00,Completed,19.93,4
1345,2026-08-31 19:32:00,Completed,13.87,2
1346,2026-08-31 17:04:00,Completed,21.51,5
1347,2026-08-31 12:17:00,Completed,20.69,2
1348,2026-08-31 12:54:00,Completed,10.99,4
1349,2026-08-31 11:20:00,Completed,24.3,3
1350,2026-08-31 10:29:00,Completed,11.31,4
1351,2026-08-31 21:07:00,Completed,24.13,5
1352,2026-08-31 12:15:00,Completed,5.92,5
1353,2026-08-31 14:05:00,Completed,8.24,4
1354,2026-08-31 19:04:00,Completed,26.27,4
1355,2026-08-31 11:28:00,Completed,27.89,3
1356,2026-08-31 20:48:00,Completed,11.74,3
1357,2026-09-01 15:25:00,Completed,21.75,1
1358,2026-09-01 17:33:00,Completed,11.12,4
1359,2026-09-01 19:32:00,Completed,9.87,2
1360,2026-09-01 20:59:00,Completed,7.3,3
1361,2026-09-01 12:55:00,Completed,15.35,4
1362,2026-09-01 18:47:00,Completed,5.59,3
1363,2026-09-01 16:49:00,Completed,29.47,1
1364,2026-09-01 18:59:00,Completed,30.85,1
1365,2026-09-01 16:25:00,Completed,10.4,3
1366,2026-09-01 13:39:00,Completed,28.08,5
1367,2026-09-01 12:36:00,Completed,15.94,2
1368,2026-09-01 10:46:00,Completed,6.77,5
1369,2026-09-01 15:02:00,Completed,25.09,5
1370,2026-09-01 18:51:00,Completed,31.3,2
1371,2026-09-01 11:01:00,Completed,19.9,1
1372,2026-09-01 14:44:00,Completed,12.67,4
1373,2026-09-01 13:39:00,Completed,5.26,3
1374,2026-09-01 19:47:00,Completed,15.82,4
1375,2026-09-01 19:25:00,Completed,14.45,3
1376,2026-09-01 17:52:00,Completed,22.1,5
1377,2026-09-01 12:56:00,Completed,17.25,2
1378,2026-09-01 13:25:00,Completed,9.17,3
1379,2026-09-01 10:36:00,Completed,26.75,3
1380,2026-09-01 17:27:00,Completed,21.72,1
1381,2026-09-01 19:42:00,Completed,34.15,3
1382,2026-09-01 15:30:00,Completed,26.28,3
1383,2026-09-01 20:36:00,Completed,26.36,5
1384,2026-09-01 11:22:00,Completed,30.27,1
1385,2026-09-01 20:45:00,Completed,19.37,1
1386,2026-09-01 19:47:00,Completed,24.13,1
1387,2026-09-01 15:03:00,Completed,16.68,1
1388,2026-09-01 16:19:00,Completed,12.38,1
1389,2026-09-01 17:03:00,Completed,7.79,1
1390,2026-09-01 13:52:00,Completed,14.2,5
1391,2026-09-01 15:15:00,Completed,6.18,2
1392,2026-09-01 11:29:00,Completed,8.01,1
1393,2026-09-01 14:29:00,Completed,31.12,1
1394,2026-09-01 14:37:00,Completed,24.89,2
1395,2026-09-01 19:09:00,Completed,26.13,3
1396,2026-09-01 11:14:00,Completed,8.61,1
1397,2026-09-01 10:54:00,Completed,28.92,4
1398,2026-09-01 18:39:00,Completed,9.93,3
1399,2026-09-01 12:45:00,Completed,15.93,5
1400,2026-09-01 21:05:00,Completed,15.78,1
1401,2026-09-01 17:35:00,Completed,25.53,2
1402,2026-09-01 19:43:00,Completed,17.1,3
1403,2026-09-01 18:15:00,Completed,14.21,4
1404,2026-09-01 10:53:00,Completed,34.95,4
1405,2026-09-01 10:40:00,Completed,13.5,3
1406,2026-09-01 19:41:00,Completed,15.92,1
1407,2026-09-01 18:26:00,Completed,20.46,1
1408,2026-09-01 20:39:00,Completed,21.16,5
1409,2026-09-01 13:26:00,Completed,24.31,4
1410,2026-09-01 17:22:00,Completed,15.34,3
1411,2026-09-01 16:19:00,Completed,5.55,3
1412,2026-09-01 15:06:00,Completed,22.75,2
1413,2026-09-01 13:45:00,Completed,7.1,1
1414,2026-09-01 10:46:00,Completed,18.62,5
1415,2026-09-01 19:43:00,Completed,8.02,4
1416,2026-09-01 18:30:00,Completed,7.75,4
1417,2026-09-01 15:15:00,Completed,27.08,1
1418,2026-09-01 18:56:00,Completed,23.5,2
1419,2026-09-01 12:42:00,Completed,20.15,3
1420,2026-09-01 19:46:00,Completed,28.71,2
1421,2026-09-01 11:53:00,Completed,8.37,1
1422,2026-09-01 15:55:00,Completed,27.9,1
1423,2026-09-01 13:11:00,Completed,33.46,5
1424,2026-09-01 18:16:00,Completed,9.47,2
1425,2026-09-01 21:42:00,Completed,7.33,5
1426,2026-09-01 12:47:00,Completed,20.54,5
1427,2026-09-01 13:15:00,Completed,18.57,2
1428,2026-09-01 21:20:00,Completed,16.24,1
1429,2026-09-01 12:41:00,Completed,27.2,4
1430,2026-09-01 14:48:00,Completed,22.28,1
1431,2026-09-01 15:18:00,Completed,31.84,1
1432,2026-09-01 20:41:00,Completed,30.53,2
1433,2026-09-01 15:25:00,Completed,16.53,3
1434,2026-09-01 20:54:00,Completed,8.17,3
1435,2026-09-01 11:10:00,Completed,12.48,2
1436,2026-09-01 18:26:00,Completed,21.75,5
1437,2026-09-01 14:56:00,Completed,6.6,5
1438,2026-09-01 17:28:00,Completed,26.05,2
1439,2026-09-01 14:32:00,Completed,26.92,4
1440,2026-09-01 13:54:00,Completed,33.84,4
1441,2026-09-01 13:12:00,Completed,16.48,2
1442,2026-09-01 20:51:00,Completed,14.62,3
1443,2026-09-01 14:00:00,Completed,8.91,2
1444,2026-09-01 20:09:00,Completed,27.82,2
1445,2026-09-02 19:05:00,Completed,20.73,3
1446,2026-09-02 16:37:00,Completed,28.46,5
1447,2026-09-02 19:49:00,Completed,11.15,4
1448,2026-09-02 13:45:00,Completed,33.35,1
1449,2026-09-02 19:49:00,Completed,25.97,3
1450,2026-09-02 11:03:00,Completed,33.31,5
1451,2026-09-02 17:11:00,Completed,6.82,4
1452,2026-09-02 17:38:00,Completed,16.15,4
1453,2026-09-02 16:44:00,Completed,33.54,3
1454,2026-09-02 20:56:00,Completed,13.64,4
1455,2026-09-02 19:05:00,Completed,12.61,1
1456,2026-09-02 17:03:00,Completed,25.01,2
1457,2026-09-02 21:48:00,Completed,15.24,5
1458,2026-09-02 20:35:00,Completed,24.04,3
1459,2026-09-02 17:45:00,Completed,14.8,1
1460,2026-09-02 13:21:00,Completed,18.78,3
1461,2026-09-02 16:54:00,Completed,19.85,1
1462,2026-09-02 19:49:00,Completed,19.52,1
1463,2026-09-02 19:32:00,Completed,33.75,4
1464,2026-09-02 20:17:00,Completed,12.72,1
1465,2026-09-02 20:31:00,Completed,23.89,4
1466,2026-09-02 11:17:00,Completed,26.19,3
1467,2026-09-02 15:31:00,Completed,16.51,4
1468,2026-09-02 19:53:00,Completed,18.08,2
1469,2026-09-02 19:00:00,Completed,19.71,2
1470,2026-09-02 18:28:00,Completed,27.88,4
1471,2026-09-02 20:58:00,Completed,21.81,4
1472,2026-09-02 19:07:00,Completed,14.32,5
1473,2026-09-02 14:42:00,Completed,26.95,2
1474,2026-09-02 13:22:00,Completed,23.36,3
1475,2026-09-02 14:31:00,Completed,20.59,2
1476,2026-09-02 19:09:00,Completed,28.99,3
1477,2026-09-02 13:04:00,Completed,27.35,3
1478,2026-09-02 12:57:00,Completed,31.91,3
1479,2026-09-02 10:12:00,Completed,10.27,3
1480,2026-09-02 12:12:00,Completed,27.15,1
1481,2026-09-02 21:18:00,Completed,33.17,3
1482,2026-09-02 12:58:00,Completed,14.25,1
1483,2026-09-02 11:33:00,Completed,29.99,5
1484,2026-09-02 18:26:00,Completed,16.75,4
1485,2026-09-02 19:55:00,Completed,18.53,2
1486,2026-09-02 21:15:00,Completed,17.84,2
1487,2026-09-02 12:33:00,Completed,25.97,2
1488,2026-09-02 13:11:00,Completed,8.43,2
1489,2026-09-02 14:11:00,Completed,15.64,5
1490,2026-09-02 18:08:00,Completed,26.42,1
1491,2026-09-02 12:18:00,Completed,11.64,5
1492,2026-09-02 13:12:00,Completed,22.63,4
1493,2026-09-02 14:19:00,Completed,33.64,2
1494,2026-09-02 17:52:00,Completed,22.81,3
1495,2026-09-02 15:25:00,Completed,16.07,4
1496,2026-09-02 18:43:00,Completed,12.11,2
1497,2026-09-02 10:53:00,Completed,34.61,1
1498,2026-09-02 16:06:00,Completed,15.22,1
1499,2026-09-02 16:50:00,Completed,17.07,5
1500,2026-09-02 14:11:00,Completed,12.74,5
1501,2026-09-02 11:50:00,Completed,19.19,1
1502,2026-09-02 20:58:00,Completed,22.84,1
1503,2026-09-02 21:21:00,Completed,16.21,3
1504,2026-09-02 21:25:00,Completed,11.44,4
1505,2026-09-02 13:44:00,Completed,13.61,3
1506,2026-09-02 10:16:00,Completed,6.51,3
1507,2026-09-02 16:53:00,Completed,9.69,1
1508,2026-09-02 11:11:00,Completed,21.66,3
1509,2026-09-02 14:26:00,Completed,28.0,3
1510,2026-09-02 19:30:00,Completed,27.27,5
1511,2026-09-02 17:28:00,Completed,32.43,5
1512,2026-09-02 13:38:00,Completed,17.27,5
1513,2026-09-02 21:01:00,Completed,32.16,4
1514,2026-09-02 19:48:00,Completed,24.09,4
1515,2026-09-02 20:32:00,Completed,11.78,3
1516,2026-09-02 15:49:00,Completed,20.6,3
1517,2026-09-02 13:11:00,Completed,19.39,4
1518,2026-09-02 20:50:00,Completed,25.21,1
1519,2026-09-02 10:45:00,Completed,26.99,3
1520,2026-09-02 19:40:00,Completed,34.07,4
1521,2026-09-02 17:46:00,Completed,32.53,1
1522,2026-09-02 14:16:00,Completed,30.62,3
1523,2026-09-02 12:39:00,Completed,25.35,1
1524,2026-09-02 12:08:00,Completed,28.83,3
1525,2026-09-02 12:17:00,Completed,5.86,1
1526,2026-09-02 11:33:00,Completed,26.37,3
1527,2026-09-02 12:55:00,Completed,33.25,1
1528,2026-09-02 18:19:00,Completed,28.35,1
1529,2026-09-02 10:59:00,Completed,14.09,5
1530,2026-09-02 16:11:00,Completed,17.8,2
1531,2026-09-02 19:52:00,Completed,9.64,5
1532,2026-09-02 12:03:00,Completed,16.94,5
1533,2026-09-02 10:42:00,Completed,9.12,5
1534,2026-09-02 15:28:00,Completed,17.51,4
1535,2026-09-02 10:09:00,Completed,14.04,2
1536,2026-09-02 19:46:00,Completed,10.5,3
1537,2026-09-02 15:13:00,Completed,18.9,4
1538,2026-09-02 10:24:00,Completed,24.71,5
1539,2026-09-02 18:40:00,Completed,19.88,2
1540,2026-09-02 20:36:00,Completed,7.21,2
1541,2026-09-02 14:09:00,Completed,26.55,2
1542,2026-09-02 13:48:00,Completed,29.52,3
1543,2026-09-02 19:08:00,Completed,27.59,2
1544,2026-09-02 12:40:00,Completed,31.56,4
1545,2026-09-02 19:48:00,Completed,24.81,1
1546,2026-09-02 20:36:00,Completed,24.13,4
1547,2026-09-02 11:04:00,Completed,22.41,4
1548,2026-09-02 21:22:00,Completed,21.35,5
1549,2026-09-02 10:28:00,Completed,34.59,2
1550,2026-09-02 20:42:00,Completed,15.85,2
1551,2026-09-02 19:04:00,Completed,15.85,3
1552,2026-09-02 20:55:00,Completed,16.57,5
1553,2026-09-02 18:59:00,Completed,32.52,3
1554,2026-09-02 11:42:00,Completed,33.76,4
1555,2026-09-02 18:27:00,Completed,20.16,5
1556,2026-09-02 14:03:00,Completed,23.4,5
1557,2026-09-02 18:16:00,Completed,8.86,3
1558,2026-09-02 21:56:00,Completed,15.56,3
1559,2026-09-02 12:31:00,Completed,24.28,3
1560,2026-09-02 16:49:00,Completed,13.79,5
1561,2026-09-02 14:09:00,Completed,29.22,2
1562,2026-09-02 18:20:00,Completed,10.14,1
1563,2026-09-02 19:07:00,Completed,5.87,4
1564,2026-09-02 21:05:00,Completed,14.46,4
1565,2026-09-02 15:07:00,Completed,9.92,4
1566,2026-09-02 12:45:00,Completed,32.51,4
1567,2026-09-02 17:24:00,Completed,15.07,1
1568,2026-09-02 11:21:00,Completed,17.73,4
1569,2026-09-02 19:45:00,Completed,16.53,2
1570,2026-09-03 18:17:00,Completed,31.82,3
1571,2026-09-03 12:02:00,Completed,9.07,3
1572,2026-09-03 12:37:00,Completed,9.19,4
1573,2026-09-03 16:04:00,Completed,16.6,4
1574,2026-09-03 11:30:00,Completed,32.22,1
1575,2026-09-03 13:03:00,Completed,17.84,4
1576,2026-09-03 12:08:00,Completed,13.09,3
1577,2026-09-03 10:06:00,Completed,26.89,5
1578,2026-09-03 13:11:00,Completed,30.41,3
1579,2026-09-03 15:35:00,Completed,18.05,5
1580,2026-09-03 10:21:00,Completed,24.52,3
1581,2026-09-03 12:03:00,Completed,27.51,2
1582,2026-09-03 12:00:00,Completed,9.0,2
1583,2026-09-03 12:44:00,Completed,23.53,5
1584,2026-09-03 14:30:00,Completed,16.25,5
1585,2026-09-03 18:49:00,Completed,10.78,5
1586,2026-09-03 14:34:00,Completed,24.72,3
1587,2026-09-03 19:36:00,Completed,15.41,5
1588,2026-09-03 11:15:00,Completed,10.94,4
1589,2026-09-03 20:24:00,Completed,25.72,2
1590,2026-09-03 11:05:00,Completed,29.22,3
1591,2026-09-03 16:32:00,Completed,33.61,4
1592,2026-09-03 19:27:00,Completed,11.57,2
1593,2026-09-03 21:16:00,Completed,15.11,5
1594,2026-09-03 11:56:00,Completed,25.82,1
1595,2026-09-03 15:08:00,Completed,21.43,4
1596,2026-09-03 19:58:00,Completed,24.71,5
1597,2026-09-03 12:17:00,Completed,14.99,1
1598,2026-09-03 16:35:00,Completed,22.35,4
1599,2026-09-03 10:42:00,Completed,16.88,2
1600,2026-09-03 11:13:00,Completed,5.57,2
1601,2026-09-03 10:15:00,Completed,7.78,5
1602,2026-09-03 11:33:00,Completed,24.94,5
1603,2026-09-03 19:30:00,Completed,18.58,4
1604,2026-09-03 10:55:00,Completed,21.82,3
1605,2026-09-03 21:06:00,Completed,15.55,4
1606,2026-09-03 13:43:00,Completed,24.77,1
1607,2026-09-03 21:03:00,Completed,29.72,5
1608,2026-09-03 11:58:00,Completed,6.27,1
1609,2026-09-03 16:09:00,Completed,18.6,4
1610,2026-09-03 19:23:00,Completed,26.92,3
1611,2026-09-03 16:50:00,Completed,32.81,3
1612,2026-09-03 11:37:00,Completed,29.08,5
1613,2026-09-03 13:10:00,Completed,27.48,5
1614,2026-09-03 18:23:00,Completed,9.65,2
1615,2026-09-03 11:57:00,Completed,29.15,4
1616,2026-09-03 15:10:00,Completed,15.74,4
1617,2026-09-03 17:42:00,Completed,8.16,1
1618,2026-09-03 17:25:00,Completed,7.04,1
1619,2026-09-03 11:33:00,Completed,33.81,2
1620,2026-09-03 20:06:00,Completed,11.39,4
1621,2026-09-03 15:52:00,Completed,6.26,1
1622,2026-09-03 20:25:00,Completed,8.37,1
1623,2026-09-03 13:27:00,Completed,23.33,1
1624,2026-09-03 12:30:00,Completed,23.07,4
1625,2026-09-03 21:58:00,Completed,7.45,4
1626,2026-09-03 14:45:00,Completed,27.18,3
1627,2026-09-03 15:35:00,Completed,15.45,3
1628,2026-09-03 19:19:00,Completed,29.78,4
1629,2026-09-03 17:25:00,Completed,16.7,4
1630,2026-09-03 11:31:00,Completed,27.88,1
1631,2026-09-03 13:51:00,Completed,29.64,5
1632,2026-09-03 18:20:00,Completed,26.33,5
1633,2026-09-03 19:06:00,Completed,7.13,1
1634,2026-09-03 19:36:00,Completed,18.65,5
1635,2026-09-03 11:25:00,Completed,8.2,2
1636,2026-09-03 20:37:00,Completed,32.16,5
1637,2026-09-03 20:12:00,Completed,28.63,2
1638,2026-09-03 17:28:00,Completed,28.06,1
1639,2026-09-03 18:46:00,Completed,10.92,3
1640,2026-09-03 15:34:00,Completed,21.7,2
1641,2026-09-03 12:20:00,Completed,34.42,5
1642,2026-09-03 10:26:00,Completed,9.13,5
1643,2026-09-03 13:58:00,Completed,31.47,5
1644,2026-09-03 21:43:00,Completed,19.2,4
1645,2026-09-03 11:57:00,Completed,20.24,5
1646,2026-09-03 18:56:00,Completed,24.63,5
1647,2026-09-03 17:24:00,Completed,9.15,4
1648,2026-09-03 13:11:00,Completed,5.45,4
1649,2026-09-03 17:36:00,Completed,6.48,5
1650,2026-09-03 18:18:00,Completed,20.52,4
1651,2026-09-03 10:59:00,Completed,12.61,3
1652,2026-09-03 14:38:00,Completed,27.96,4
1653,2026-09-03 16:42:00,Completed,7.11,4
1654,2026-09-03 17:09:00,Completed,8.42,3
1655,2026-09-03 21:44:00,Completed,21.07,2
1656,2026-09-03 10:34:00,Completed,5.41,3
1657,2026-09-03 15:49:00,Completed,11.28,2
1658,2026-09-03 14:38:00,Completed,34.85,4
1659,2026-09-03 16:44:00,Completed,9.16,3
1660,2026-09-03 10:52:00,Completed,5.92,3
1661,2026-09-03 19:44:00,Completed,9.36,2
1662,2026-09-03 12:20:00,Completed,15.81,1
1663,2026-09-03 21:46:00,Completed,32.69,1
1664,2026-09-03 10:19:00,Completed,11.64,3
1665,2026-09-03 18:32:00,Completed,10.46,2
1666,2026-09-03 19:20:00,Completed,14.42,1
1667,2026-09-03 21:13:00,Completed,24.63,2
1668,2026-09-03 17:57:00,Completed,11.91,4
1669,2026-09-03 14:50:00,Completed,16.26,1
1670,2026-09-03 19:08:00,Completed,5.97,1
1671,2026-09-03 12:40:00,Completed,6.33,2
1672,2026-09-03 18:36:00,Completed,29.58,2
1673,2026-09-03 19:57:00,Completed,16.2,4
1674,2026-09-03 16:03:00,Completed,30.76,2
1675,2026-09-03 20:34:00,Completed,22.6,4
1676,2026-09-03 13:08:00,Completed,26.24,2
1677,2026-09-03 21:42:00,Completed,5.14,2
1678,2026-09-03 17:03:00,Completed,32.43,4
1679,2026-09-03 10:51:00,Completed,24.24,3
1680,2026-09-03 19:25:00,Completed,28.15,3
1681,2026-09-03 20:21:00,Completed,21.02,4
1682,2026-09-03 15:52:00,Completed,8.24,3
1683,2026-09-03 15:48:00,Completed,27.82,4
1684,2026-09-03 21:01:00,Completed,31.02,5
1685,2026-09-03 21:40:00,Completed,10.44,5
1686,2026-09-03 11:55:00,Completed,14.62,1
1687,2026-09-03 20:06:00,Completed,16.71,5
1688,2026-09-03 13:13:00,Completed,11.96,2
1689,2026-09-03 12:59:00,Completed,11.67,4
1690,2026-09-03 12:02:00,Completed,30.16,1
1691,2026-09-03 11:52:00,Completed,7.67,3
1692,2026-09-03 18:25:00,Completed,21.08,4
1693,2026-09-03 18:34:00,Completed,9.22,3
1694,2026-09-03 14:52:00,Completed,12.52,2
1695,2026-09-03 13:52:00,Completed,25.89,2
1696,2026-09-03 18:40:00,Completed,14.68,5
1697,2026-09-03 17:59:00,Completed,33.72,4
1698,2026-09-03 10:15:00,Completed,29.29,5
1699,2026-09-03 10:39:00,Completed,19.89,4
1700,2026-09-03 11:20:00,Completed,25.05,1
1701,2026-09-03 16:40:00,Completed,13.58,2
1702,2026-09-03 11:29:00,Completed,28.6,3
1703,2026-09-03 16:55:00,Completed,5.18,3
1704,2026-09-03 20:28:00,Completed,19.42,2
1705,2026-09-03 13:30:00,Completed,15.07,3
1706,2026-09-03 14:31:00,Completed,11.16,5
1707,2026-09-03 19:11:00,Completed,9.27,2
1708,2026-09-03 20:43:00,Completed,14.61,5
1709,2026-09-03 11:43:00,Completed,12.51,4
1710,2026-09-03 21:32:00,Completed,22.81,2
1711,2026-09-03 11:56:00,Completed,27.98,5
1712,2026-09-03 18:39:00,Completed,31.26,3
1713,2026-09-03 16:29:00,Completed,21.63,5
1714,2026-09-03 17:17:00,Completed,33.58,2
1715,2026-09-03 16:04:00,Completed,12.18,3
1716,2026-09-03 16:22:00,Completed,5.74,4
1717,2026-09-04 18:20:00,Completed,21.32,3
1718,2026-09-04 12:52:00,Completed,15.56,5
1719,2026-09-04 11:40:00,Completed,12.55,2
1720,2026-09-04 14:07:00,Completed,20.7,4
1721,2026-09-04 14:44:00,Completed,33.61,3
1722,2026-09-04 14:14:00,Completed,12.46,1
1723,2026-09-04 17:24:00,Completed,12.61,2
1724,2026-09-04 18:39:00,Completed,23.08,3
1725,2026-09-04 14:12:00,Completed,7.16,4
1726,2026-09-04 19:41:00,Completed,11.31,2
1727,2026-09-04 21:16:00,Completed,30.15,3
1728,2026-09-04 11:06:00,Completed,12.25,5
1729,2026-09-04 10:29:00,Completed,8.15,3
1730,2026-09-04 10:16:00,Completed,20.9,2
1731,2026-09-04 14:10:00,Completed,28.2,3
1732,2026-09-04 15:57:00,Completed,6.64,5
1733,2026-09-04 16:22:00,Completed,33.76,3
1734,2026-09-04 15:12:00,Completed,29.15,3
1735,2026-09-04 13:53:00,Completed,9.07,3
1736,2026-09-04 11:14:00,Completed,24.47,1
1737,2026-09-04 14:36:00,Completed,6.57,1
1738,2026-09-04 17:37:00,Completed,25.23,2
1739,2026-09-04 21:14:00,Completed,19.53,2
1740,2026-09-04 17:05:00,Completed,17.96,2
1741,2026-09-04 18:05:00,Completed,7.95,3
1742,2026-09-04 13:17:00,Completed,10.72,3
1743,2026-09-04 15:20:00,Completed,22.55,4
1744,2026-09-04 12:54:00,Completed,17.92,3
1745,2026-09-04 12:48:00,Completed,25.77,2
1746,2026-09-04 17:08:00,Completed,19.26,4
1747,2026-09-04 16:01:00,Completed,5.56,2
1748,2026-09-04 12:21:00,Completed,6.99,4
1749,2026-09-04 12:02:00,Completed,6.22,5
1750,2026-09-04 18:17:00,Completed,13.07,2
1751,2026-09-04 11:16:00,Completed,27.06,4
1752,2026-09-04 20:57:00,Completed,28.49,3
1753,2026-09-04 10:58:00,Completed,15.45,3
1754,2026-09-04 16:25:00,Completed,17.21,2
1755,2026-09-04 10:42:00,Completed,29.67,5
1756,2026-09-04 19:13:00,Completed,34.93,3
1757,2026-09-04 19:21:00,Completed,24.68,5
1758,2026-09-04 19:23:00,Completed,23.14,4
1759,2026-09-04 11:37:00,Completed,10.02,1
1760,2026-09-04 15:06:00,Completed,30.26,5
1761,2026-09-04 14:07:00,Completed,24.11,3
1762,2026-09-04 11:41:00,Completed,12.12,5
1763,2026-09-04 17:13:00,Completed,32.88,4
1764,2026-09-04 15:44:00,Completed,5.71,4
1765,2026-09-04 10:14:00,Completed,16.0,2
1766,2026-09-04 19:16:00,Completed,24.71,1
1767,2026-09-04 18:30:00,Completed,28.65,3
1768,2026-09-04 17:00:00,Completed,6.8,5
1769,2026-09-04 21:09:00,Completed,11.48,4
1770,2026-09-04 18:53:00,Completed,9.3,5
1771,2026-09-04 13:01:00,Completed,6.91,5
1772,2026-09-04 11:16:00,Completed,6.76,4
1773,2026-09-04 18:54:00,Completed,23.12,5
1774,2026-09-04 11:32:00,Completed,9.93,4
1775,2026-09-04 12:52:00,Completed,25.61,4
1776,2026-09-04 18:47:00,Completed,34.8,5
1777,2026-09-04 13:26:00,Completed,32.08,4
1778,2026-09-04 17:08:00,Completed,18.98,4
1779,2026-09-04 12:57:00,Completed,15.46,4
1780,2026-09-04 17:41:00,Completed,12.46,2
1781,2026-09-04 16:45:00,Completed,34.64,4
1782,2026-09-04 21:34:00,Completed,31.73,3
1783,2026-09-04 14:27:00,Completed,28.07,2
1784,2026-09-04 10:30:00,Completed,10.9,3
1785,2026-09-04 20:14:00,Completed,13.65,2
1786,2026-09-04 20:19:00,Completed,34.28,1
1787,2026-09-04 15:28:00,Completed,9.45,3
1788,2026-09-04 12:37:00,Completed,16.35,2
1789,2026-09-04 18:37:00,Completed,21.31,1
1790,2026-09-04 18:20:00,Completed,16.4,5
1791,2026-09-04 18:51:00,Completed,24.59,3
1792,2026-09-04 13:51:00,Completed,10.98,2
1793,2026-09-04 13:40:00,Completed,9.78,4
1794,2026-09-04 13:03:00,Completed,27.93,1
1795,2026-09-04 20:16:00,Completed,26.4,4
1796,2026-09-04 11:59:00,Completed,16.75,2
1797,2026-09-04 19:59:00,Completed,9.51,1
1798,2026-09-04 15:42:00,Completed,27.44,2
1799,2026-09-05 19:42:00,Completed,19.9,1
1800,2026-09-05 20:23:00,Completed,9.69,4
1801,2026-09-05 11:27:00,Completed,33.97,5
1802,2026-09-05 10:01:00,Completed,20.1,5
1803,2026-09-05 18:17:00,Completed,5.37,1
1804,2026-09-05 21:49:00,Completed,27.37,5
1805,2026-09-05 20:35:00,Completed,32.83,1
1806,2026-09-05 12:08:00,Completed,8.77,1
1807,2026-09-05 19:40:00,Completed,19.12,4
1808,2026-09-05 14:34:00,Completed,26.75,4
1809,2026-09-05 14:59:00,Completed,11.55,4
1810,2026-09-05 16:55:00,Completed,17.88,5
1811,2026-09-05 18:09:00,Completed,16.17,3
1812,2026-09-05 16:29:00,Completed,31.88,2
1813,2026-09-05 15:05:00,Completed,31.49,3
1814,2026-09-05 16:32:00,Completed,10.63,4
1815,2026-09-05 20:48:00,Completed,9.97,3
1816,2026-09-05 11:41:00,Completed,23.8,2
1817,2026-09-05 12:26:00,Completed,16.48,4
1818,2026-09-05 16:22:00,Completed,12.82,5
1819,2026-09-05 16:06:00,Completed,15.87,1
1820,2026-09-05 21:07:00,Completed,30.44,3
1821,2026-09-05 13:09:00,Completed,29.45,4
1822,2026-09-05 11:56:00,Completed,30.92,2
1823,2026-09-05 21:56:00,Completed,8.8,3
1824,2026-09-05 16:47:00,Completed,19.68,1
1825,2026-09-05 16:11:00,Completed,6.34,1
1826,2026-09-05 19:57:00,Completed,6.8,5
1827,2026-09-05 21:02:00,Completed,9.5,5
1828,2026-09-05 11:25:00,Completed,10.09,4
1829,2026-09-05 19:26:00,Completed,19.71,1
1830,2026-09-05 16:46:00,Completed,7.78,5
1831,2026-09-05 13:50:00,Completed,33.06,4
1832,2026-09-05 15:45:00,Completed,31.12,4
1833,2026-09-05 11:16:00,Completed,34.87,3
1834,2026-09-05 10:03:00,Completed,23.68,5
1835,2026-09-05 20:03:00,Completed,31.55,3
1836,2026-09-05 10:22:00,Completed,23.76,3
1837,2026-09-05 15:14:00,Completed,5.08,3
1838,2026-09-05 15:44:00,Completed,23.52,2
1839,2026-09-05 14:30:00,Completed,25.63,4
1840,2026-09-05 19:38:00,Completed,13.42,1
1841,2026-09-05 12:37:00,Completed,10.08,1
1842,2026-09-05 12:20:00,Completed,17.79,2
1843,2026-09-05 15:18:00,Completed,31.38,5
1844,2026-09-05 14:47:00,Completed,9.1,2
1845,2026-09-05 19:41:00,Completed,22.39,1
1846,2026-09-05 16:30:00,Completed,13.23,2
1847,2026-09-05 10:56:00,Completed,14.43,4
1848,2026-09-05 10:17:00,Completed,7.4,5
1849,2026-09-05 10:52:00,Completed,17.37,5
1850,2026-09-05 18:21:00,Completed,13.2,4
1851,2026-09-05 11:16:00,Completed,17.54,1
1852,2026-09-05 17:32:00,Completed,15.44,3
1853,2026-09-05 20:26:00,Completed,19.5,4
1854,2026-09-05 12:58:00,Completed,24.44,1
1855,2026-09-05 11:15:00,Completed,27.39,4
1856,2026-09-05 19:06:00,Completed,24.62,1
1857,2026-09-05 20:41:00,Completed,13.84,3
1858,2026-09-05 13:34:00,Completed,21.79,4
1859,2026-09-05 10:04:00,Completed,12.07,3
1860,2026-09-05 18:51:00,Completed,26.78,3
1861,2026-09-05 21:26:00,Completed,15.39,3
1862,2026-09-05 18:59:00,Completed,27.53,5
1863,2026-09-05 10:52:00,Completed,10.93,2
1864,2026-09-05 15:05:00,Completed,29.65,1
1865,2026-09-05 20:46:00,Completed,12.19,5
1866,2026-09-05 17:22:00,Completed,15.25,1
1867,2026-09-05 20:46:00,Completed,8.92,2
1868,2026-09-05 21:57:00,Completed,17.16,4
1869,2026-09-05 12:07:00,Completed,7.22,5
1870,2026-09-05 21:52:00,Completed,7.73,5
1871,2026-09-05 13:55:00,Completed,25.14,2
1872,2026-09-05 19:22:00,Completed,9.52,4
1873,2026-09-05 13:04:00,Completed,34.82,3
1874,2026-09-05 15:02:00,Completed,22.01,4
1875,2026-09-05 17:02:00,Completed,27.54,3
1876,2026-09-05 13:17:00,Completed,9.52,2
1877,2026-09-05 13:31:00,Completed,23.1,2
1878,2026-09-05 20:01:00,Completed,18.45,4
1879,2026-09-05 13:06:00,Completed,16.09,4
1880,2026-09-05 21:21:00,Completed,5.21,5
1881,2026-09-05 21:41:00,Completed,16.68,4
1882,2026-09-05 10:40:00,Completed,24.54,3
1883,2026-09-05 21:04:00,Completed,15.69,4
1884,2026-09-05 17:42:00,Completed,33.77,3
1885,2026-09-05 11:43:00,Completed,30.28,3
1886,2026-09-05 18:40:00,Completed,7.04,1
1887,2026-09-05 10:05:00,Completed,27.46,3
1888,2026-09-05 21:17:00,Completed,34.31,5
1889,2026-09-05 16:58:00,Completed,6.93,5
1890,2026-09-05 13:27:00,Completed,9.87,1
1891,2026-09-05 12:51:00,Completed,29.87,5
1892,2026-09-05 19:43:00,Completed,9.77,4
1893,2026-09-05 20:47:00,Completed,33.21,5
1894,2026-09-05 19:58:00,Completed,13.73,4
1895,2026-09-05 10:03:00,Completed,10.29,2
1896,2026-09-05 17:29:00,Completed,29.95,4
1897,2026-09-05 13:23:00,Completed,13.58,4
1898,2026-09-05 20:26:00,Completed,7.89,5
1899,2026-09-06 16:19:00,Completed,9.72,2
1900,2026-09-06 11:58:00,Completed,22.97,5
1901,2026-09-06 10:16:00,Completed,22.17,1
1902,2026-09-06 17:29:00,Completed,27.48,5
1903,2026-09-06 16:45:00,Completed,22.8,2
1904,2026-09-06 18:43:00,Completed,6.79,2
1905,2026-09-06 12:08:00,Completed,26.57,1
1906,2026-09-06 16:31:00,Completed,16.3,1
1907,2026-09-06 15:54:00,Completed,25.65,4
1908,2026-09-06 14:09:00,Completed,7.93,5
1909,2026-09-06 20:53:00,Completed,13.94,3
1910,2026-09-06 20:26:00,Completed,32.97,2
1911,2026-09-06 19:25:00,Completed,20.65,4
1912,2026-09-06 14:03:00,Completed,13.91,5
1913,2026-09-06 20:37:00,Completed,33.14,4
1914,2026-09-06 19:56:00,Completed,33.85,3
1915,2026-09-06 21:51:00,Completed,22.05,2
1916,2026-09-06 18:09:00,Completed,24.19,2
1917,2026-09-06 18:08:00,Completed,29.93,3
1918,2026-09-06 21:15:00,Completed,34.78,4
1919,2026-09-06 16:47:00,Completed,22.48,1
1920,2026-09-06 11:03:00,Completed,23.92,1
1921,2026-09-06 12:46:00,Completed,25.89,4
1922,2026-09-06 14:22:00,Completed,22.89,2
1923,2026-09-06 18:35:00,Completed,21.45,1
1924,2026-09-06 20:09:00,Completed,7.56,3
1925,2026-09-06 15:25:00,Completed,25.88,1
1926,2026-09-06 19:40:00,Completed,13.64,1
1927,2026-09-06 18:21:00,Completed,31.07,1
1928,2026-09-06 10:27:00,Completed,26.12,3
1929,2026-09-06 21:41:00,Completed,17.53,3
1930,2026-09-06 10:20:00,Completed,21.52,2
1931,2026-09-06 16:45:00,Completed,28.29,4
1932,2026-09-06 19:35:00,Completed,32.15,5
1933,2026-09-06 14:18:00,Completed,8.43,5
1934,2026-09-06 18:17:00,Completed,21.44,2
1935,2026-09-06 12:19:00,Completed,30.78,5
1936,2026-09-06 11:02:00,Completed,10.5,2
1937,2026-09-06 11:27:00,Completed,33.53,3
1938,2026-09-06 19:06:00,Completed,30.63,2
1939,2026-09-06 16:42:00,Completed,29.39,1
1940,2026-09-06 12:28:00,Completed,9.69,5
1941,2026-09-06 20:17:00,Completed,17.91,5
1942,2026-09-06 21:40:00,Completed,27.16,5
1943,2026-09-06 12:05:00,Completed,24.47,4
1944,2026-09-06 16:27:00,Completed,31.58,4
1945,2026-09-06 11:24:00,Completed,30.5,1
1946,2026-09-06 12:16:00,Completed,22.96,1
1947,2026-09-06 15:25:00,Completed,11.86,2
1948,2026-09-06 15:20:00,Completed,28.52,3
1949,2026-09-06 16:50:00,Completed,7.24,3
1950,2026-09-06 13:27:00,Completed,18.66,3
1951,2026-09-06 14:45:00,Completed,12.06,4
1952,2026-09-06 19:38:00,Completed,22.22,5
1953,2026-09-06 12:17:00,Completed,8.23,4
1954,2026-09-06 12:22:00,Completed,28.77,2
1955,2026-09-06 19:34:00,Completed,18.52,4
1956,2026-09-06 18:59:00,Completed,28.03,1
1957,2026-09-06 13:53:00,Completed,18.47,5
1958,2026-09-06 16:43:00,Completed,22.79,4
1959,2026-09-06 14:01:00,Completed,32.16,1
1960,2026-09-06 19:44:00,Completed,12.6,5
1961,2026-09-06 18:30:00,Completed,12.68,2
1962,2026-09-06 15:25:00,Completed,13.44,3
1963,2026-09-06 21:57:00,Completed,6.98,4
1964,2026-09-06 19:09:00,Completed,6.94,1
1965,2026-09-06 12:56:00,Completed,13.14,4
1966,2026-09-06 14:08:00,Completed,8.06,3
1967,2026-09-06 21:53:00,Completed,13.15,2
1968,2026-09-06 12:46:00,Completed,32.3,3
1969,2026-09-06 12:15:00,Completed,21.13,2
1970,2026-09-06 13:57:00,Completed,30.13,3
1971,2026-09-06 19:40:00,Completed,9.91,4
1972,2026-09-06 18:16:00,Completed,34.97,1
1973,2026-09-06 19:53:00,Completed,8.08,1
1974,2026-09-06 19:36:00,Completed,17.23,2
1975,2026-09-06 15:49:00,Completed,16.85,4
1976,2026-09-06 14:04:00,Completed,17.96,3
1977,2026-09-06 18:26:00,Completed,23.35,5
1978,2026-09-06 15:31:00,Completed,34.59,5
1979,2026-09-06 14:19:00,Completed,27.98,5
1980,2026-09-06 21:57:00,Completed,15.74,2
1981,2026-09-06 18:48:00,Completed,22.49,2
1982,2026-09-06 18:00:00,Completed,18.56,3
1983,2026-09-06 15:05:00,Completed,21.22,1
1984,2026-09-06 18:25:00,Completed,18.09,2
1985,2026-09-06 11:29:00,Completed,21.55,5
1986,2026-09-06 12:13:00,Completed,18.24,3
1987,2026-09-06 10:28:00,Completed,6.83,4
1988,2026-09-06 19:50:00,Completed,29.72,2
1989,2026-09-06 20:35:00,Completed,21.66,5
1990,2026-09-06 17:23:00,Completed,32.65,2
1991,2026-09-06 20:44:00,Completed,27.26,5
1992,2026-09-06 13:22:00,Completed,30.24,4
1993,2026-09-06 15:13:00,Completed,34.54,4
1994,2026-09-06 16:22:00,Completed,34.43,5
1995,2026-09-06 12:07:00,Completed,12.9,4
1996,2026-09-06 12:04:00,Completed,6.28,5
1997,2026-09-06 12:45:00,Completed,15.72,5
1998,2026-09-06 16:38:00,Completed,31.7,5
1999,2026-09-06 16:16:00,Completed,11.78,4
2000,2026-09-06 12:01:00,Completed,31.86,3
2001,2026-09-06 11:07:00,Completed,22.99,1
2002,2026-09-06 18:50:00,Completed,22.44,5
2003,2026-09-06 15:35:00,Completed,18.32,5
2004,2026-09-06 17:13:00,Completed,23.94,5
2005,2026-09-06 17:10:00,Completed,10.15,1
2006,2026-09-06 20:58:00,Completed,7.2,4
2007,2026-09-06 19:55:00,Completed,6.26,3
2008,2026-09-06 15:41:00,Completed,19.83,1
2009,2026-09-06 17:49:00,Completed,24.15,2
2010,2026-09-06 16:50:00,Completed,20.61,4
2011,2026-09-06 19:25:00,Completed,22.34,5
2012,2026-09-06 20:50:00,Completed,24.98,1
2013,2026-09-06 13:46:00,Completed,15.16,2
2014,2026-09-06 11:05:00,Completed,12.42,1
2015,2026-09-06 18:28:00,Completed,8.41,2
2016,2026-09-06 14:51:00,Completed,19.9,3
2017,2026-09-06 21:00:00,Completed,13.11,3
2018,2026-09-06 20:12:00,Completed,23.55,1
2019,2026-09-06 17:42:00,Completed,33.65,3
2020,2026-09-06 13:49:00,Completed,26.46,4
2021,2026-09-06 13:22:00,Completed,11.24,3
2022,2026-09-06 16:14:00,Completed,18.34,1
2023,2026-09-06 14:28:00,Completed,6.46,2
2024,2026-09-06 19:05:00,Completed,6.12,1
2025,2026-09-06 17:25:00,Completed,21.47,2
2026,2026-09-06 12:26:00,Completed,30.1,2
2027,2026-09-06 20:15:00,Completed,11.97,2
2028,2026-09-06 12:04:00,Completed,23.19,3
2029,2026-09-06 16:47:00,Completed,31.61,5
2030,2026-09-06 13:27:00,Completed,23.36,3
2031,2026-09-06 19:02:00,Completed,17.8,5
2032,2026-09-06 15:03:00,Completed,29.16,1
2033,2026-09-07 11:27:00,Completed,10.34,1
2034,2026-09-07 20:58:00,Completed,25.91,5
2035,2026-09-07 21:52:00,Completed,33.79,3
2036,2026-09-07 11:44:00,Completed,9.11,1
2037,2026-09-07 20:20:00,Completed,33.07,5
2038,2026-09-07 13:42:00,Completed,8.17,1
2039,2026-09-07 16:03:00,Completed,9.94,1
2040,2026-09-07 21:51:00,Completed,11.19,2
2041,2026-09-07 15:14:00,Completed,28.24,1
2042,2026-09-07 10:51:00,Completed,18.87,3
2043,2026-09-07 20:46:00,Completed,7.92,5
2044,2026-09-07 18:42:00,Completed,27.38,3
2045,2026-09-07 21:13:00,Completed,20.48,4
2046,2026-09-07 17:54:00,Completed,11.08,4
2047,2026-09-07 10:49:00,Completed,28.83,4
2048,2026-09-07 12:49:00,Completed,31.83,2
2049,2026-09-07 19:32:00,Completed,31.14,5
2050,2026-09-07 14:45:00,Completed,14.35,1
2051,2026-09-07 19:12:00,Completed,8.46,5
2052,2026-09-07 19:10:00,Completed,33.03,1
2053,2026-09-07 16:49:00,Completed,19.75,4
2054,2026-09-07 21:14:00,Completed,29.36,2
2055,2026-09-07 19:13:00,Completed,24.99,2
2056,2026-09-07 15:58:00,Completed,14.5,4
2057,2026-09-07 20:19:00,Completed,25.44,4
2058,2026-09-07 14:40:00,Completed,21.52,1
2059,2026-09-07 17:39:00,Completed,22.39,4
2060,2026-09-07 21:35:00,Completed,13.14,4
2061,2026-09-07 18:27:00,Completed,29.33,4
2062,2026-09-07 15:28:00,Completed,26.23,2
2063,2026-09-07 11:26:00,Completed,7.76,1
2064,2026-09-07 16:20:00,Completed,34.4,3
2065,2026-09-07 20:13:00,Completed,27.25,4
2066,2026-09-07 12:11:00,Completed,19.15,4
2067,2026-09-07 18:14:00,Completed,8.82,4
2068,2026-09-07 17:51:00,Completed,34.27,4
2069,2026-09-07 16:09:00,Completed,7.21,3
2070,2026-09-07 21:54:00,Completed,11.82,5
2071,2026-09-07 14:17:00,Completed,14.45,2
2072,2026-09-07 20:04:00,Completed,29.04,1
2073,2026-09-07 14:23:00,Completed,16.73,5
2074,2026-09-07 10:58:00,Completed,28.06,5
2075,2026-09-07 16:18:00,Completed,6.12,1
2076,2026-09-07 20:49:00,Completed,11.03,3
2077,2026-09-07 21:27:00,Completed,34.24,4
2078,2026-09-07 18:31:00,Completed,23.21,4
2079,2026-09-07 13:29:00,Completed,24.36,3
2080,2026-09-07 10:02:00,Completed,29.63,1
2081,2026-09-07 17:41:00,Completed,34.35,1
2082,2026-09-07 14:32:00,Completed,7.01,3
2083,2026-09-07 15:25:00,Completed,9.98,4
2084,2026-09-07 15:41:00,Completed,6.98,2
2085,2026-09-07 10:16:00,Completed,12.29,5
2086,2026-09-07 10:49:00,Completed,5.63,2
2087,2026-09-07 13:20:00,Completed,28.68,2
2088,2026-09-07 17:08:00,Completed,24.99,2
2089,2026-09-07 14:52:00,Completed,31.21,1
2090,2026-09-07 17:37:00,Completed,26.63,3
2091,2026-09-07 12:08:00,Completed,29.69,2
2092,2026-09-07 17:38:00,Completed,29.4,1
2093,2026-09-07 18:37:00,Completed,22.53,1
2094,2026-09-07 20:03:00,Completed,26.52,3
2095,2026-09-07 17:03:00,Completed,34.11,3
2096,2026-09-07 20:17:00,Completed,16.43,4
2097,2026-09-07 16:04:00,Completed,24.35,2
2098,2026-09-07 11:44:00,Completed,6.72,1
2099,2026-09-07 15:26:00,Completed,25.45,5
2100,2026-09-07 10:25:00,Completed,24.55,3
2101,2026-09-07 10:31:00,Completed,31.74,1
2102,2026-09-07 13:16:00,Completed,12.11,5
2103,2026-09-07 21:13:00,Completed,28.23,4
2104,2026-09-07 19:29:00,Completed,33.13,2
2105,2026-09-07 16:17:00,Completed,25.84,2
2106,2026-09-07 11:25:00,Completed,32.67,4
2107,2026-09-07 10:53:00,Completed,16.72,2
2108,2026-09-07 21:40:00,Completed,16.42,2
2109,2026-09-07 17:18:00,Completed,22.03,3
2110,2026-09-07 10:33:00,Completed,31.18,1
2111,2026-09-07 21:20:00,Completed,12.46,5
2112,2026-09-07 18:39:00,Completed,18.45,3
2113,2026-09-07 12:07:00,Completed,18.12,3
2114,2026-09-07 10:07:00,Completed,30.89,3
2115,2026-09-07 11:31:00,Completed,28.94,5
2116,2026-09-07 15:39:00,Completed,21.9,4
2117,2026-09-07 14:48:00,Completed,25.98,2
2118,2026-09-07 11:47:00,Completed,6.04,4
2119,2026-09-07 10:51:00,Completed,22.26,1
2120,2026-09-07 15:53:00,Completed,23.6,2
2121,2026-09-07 12:15:00,Completed,32.2,4
2122,2026-09-07 16:45:00,Completed,19.14,2
2123,2026-09-07 20:25:00,Completed,15.75,2
2124,2026-09-07 13:49:00,Completed,11.61,2
2125,2026-09-07 13:41:00,Completed,23.89,1
2126,2026-09-07 17:18:00,Completed,12.95,5
2127,2026-09-07 10:10:00,Completed,30.99,5
2128,2026-09-07 20:03:00,Completed,28.56,3
2129,2026-09-07 15:41:00,Completed,9.84,4
2130,2026-09-07 11:59:00,Completed,16.64,2
2131,2026-09-07 13:01:00,Completed,33.61,4
2132,2026-09-07 21:15:00,Completed,11.96,5
2133,2026-09-07 13:09:00,Completed,19.4,5
2134,2026-09-07 14:25:00,Completed,26.38,1
2135,2026-09-07 13:58:00,Completed,7.24,5
2136,2026-09-07 18:27:00,Completed,18.61,5
2137,2026-09-07 17:07:00,Completed,28.03,2
2138,2026-09-07 10:34:00,Completed,21.03,3
2139,2026-09-07 12:18:00,Completed,17.31,2
2140,2026-09-07 20:24:00,Completed,7.23,3
2141,2026-09-07 10:39:00,Completed,25.09,5
2142,2026-09-07 19:42:00,Completed,21.68,4
2143,2026-09-07 14:30:00,Completed,22.38,5
2144,2026-09-07 20:43:00,Completed,32.95,1
2145,2026-09-07 20:15:00,Completed,11.7,3
2146,2026-09-07 14:09:00,Completed,31.59,1
2147,2026-09-07 18:18:00,Completed,30.3,4
2148,2026-09-07 14:09:00,Completed,9.47,3
2149,2026-09-07 13:30:00,Completed,27.9,1
2150,2026-09-07 20:51:00,Completed,22.1,4
2151,2026-09-07 15:07:00,Completed,22.87,2
2152,2026-09-07 15:09:00,Completed,16.14,1
2153,2026-09-07 14:12:00,Completed,30.8,2
2154,2026-09-07 16:26:00,Completed,21.33,3
2155,2026-09-07 16:45:00,Completed,17.39,1
2156,2026-09-07 15:44:00,Completed,6.36,3
2157,2026-09-07 17:14:00,Completed,26.17,5
2158,2026-09-07 17:55:00,Completed,11.79,4
2159,2026-09-07 12:17:00,Completed,32.07,4
2160,2026-09-07 16:13:00,Completed,30.02,4
2161,2026-09-07 12:26:00,Completed,19.33,3
2162,2026-09-07 13:48:00,Completed,22.47,2
2163,2026-09-07 12:30:00,Completed,13.14,1
2164,2026-09-07 10:57:00,Completed,21.93,2
2165,2026-09-07 12:40:00,Completed,6.16,4
2166,2026-09-07 20:19:00,Completed,16.22,2
2167,2026-09-07 15:54:00,Completed,24.72,4
2168,2026-09-07 18:05:00,Completed,20.08,1
2169,2026-09-07 11:33:00,Completed,32.97,4
2170,2026-09-07 13:44:00,Completed,19.68,1
2171,2026-09-07 17:55:00,Completed,24.05,5
2172,2026-09-07 20:55:00,Completed,7.56,4
2173,2026-09-07 15:27:00,Completed,10.29,2
2174,2026-09-07 11:42:00,Completed,29.92,3
2175,2026-09-07 16:08:00,Completed,34.94,5
2176,2026-09-07 19:39:00,Completed,10.29,2
2177,2026-09-07 19:41:00,Completed,33.93,5
2178,2026-09-07 15:31:00,Completed,16.99,1
2179,2026-09-07 20:48:00,Completed,16.96,4
2180,2026-09-08 21:46:00,Completed,26.83,5
2181,2026-09-08 10:32:00,Completed,33.64,3
2182,2026-09-08 21:27:00,Completed,10.94,3
2183,2026-09-08 12:47:00,Completed,15.44,1
2184,2026-09-08 16:30:00,Completed,32.06,4
2185,2026-09-08 18:21:00,Completed,23.91,4
2186,2026-09-08 11:14:00,Completed,28.5,3
2187,2026-09-08 10:49:00,Completed,16.2,4
2188,2026-09-08 14:05:00,Completed,6.67,4
2189,2026-09-08 18:14:00,Completed,20.53,1
2190,2026-09-08 10:48:00,Completed,24.35,3
2191,2026-09-08 13:36:00,Completed,6.79,4
2192,2026-09-08 14:21:00,Completed,17.58,5
2193,2026-09-08 12:13:00,Completed,8.9,4
2194,2026-09-08 19:56:00,Completed,7.42,3
2195,2026-09-08 10:04:00,Completed,18.39,3
2196,2026-09-08 18:20:00,Completed,17.4,1
2197,2026-09-08 11:38:00,Completed,18.97,5
2198,2026-09-08 11:01:00,Completed,18.61,5
2199,2026-09-08 13:39:00,Completed,7.83,3
2200,2026-09-08 11:38:00,Completed,12.06,4
2201,2026-09-08 15:34:00,Completed,30.45,2
2202,2026-09-08 13:11:00,Completed,15.1,2
2203,2026-09-08 11:45:00,Completed,14.25,1
2204,2026-09-08 14:02:00,Completed,20.89,5
2205,2026-09-08 12:06:00,Completed,30.05,2
2206,2026-09-08 10:02:00,Completed,10.12,3
2207,2026-09-08 18:20:00,Completed,31.99,3
2208,2026-09-08 20:06:00,Completed,12.08,1
2209,2026-09-08 17:09:00,Completed,15.97,3
2210,2026-09-08 16:52:00,Completed,6.14,2
2211,2026-09-08 18:48:00,Completed,13.8,2
2212,2026-09-08 20:02:00,Completed,9.66,5
2213,2026-09-08 20:25:00,Completed,34.21,5
2214,2026-09-08 17:22:00,Completed,32.61,2
2215,2026-09-08 18:06:00,Completed,34.61,4
2216,2026-09-08 12:59:00,Completed,7.21,4
2217,2026-09-08 13:52:00,Completed,9.01,4
2218,2026-09-08 15:01:00,Completed,28.49,1
2219,2026-09-08 21:01:00,Completed,32.37,1
2220,2026-09-08 13:09:00,Completed,24.31,3
2221,2026-09-08 17:52:00,Completed,28.25,4
2222,2026-09-08 12:11:00,Completed,31.73,2
2223,2026-09-08 15:12:00,Completed,10.35,3
2224,2026-09-08 12:01:00,Completed,29.04,2
2225,2026-09-08 14:22:00,Completed,31.56,1
2226,2026-09-08 13:57:00,Completed,13.85,2
2227,2026-09-08 13:52:00,Completed,16.91,5
2228,2026-09-08 15:49:00,Completed,28.64,3
2229,2026-09-08 10:22:00,Completed,14.04,5
2230,2026-09-08 17:43:00,Completed,6.16,3
2231,2026-09-08 19:41:00,Completed,22.18,4
2232,2026-09-08 12:27:00,Completed,28.59,4
2233,2026-09-08 12:02:00,Completed,18.83,1
2234,2026-09-08 14:59:00,Completed,32.03,4
2235,2026-09-08 10:46:00,Completed,9.03,1
2236,2026-09-08 12:11:00,Completed,31.13,2
2237,2026-09-08 20:12:00,Completed,22.63,4
2238,2026-09-08 14:24:00,Completed,5.73,3
2239,2026-09-08 19:35:00,Completed,21.3,2
2240,2026-09-08 10:30:00,Completed,22.62,1
2241,2026-09-08 20:52:00,Completed,12.77,2
2242,2026-09-08 14:11:00,Completed,33.15,1
2243,2026-09-08 15:06:00,Completed,17.78,4
2244,2026-09-08 13:23:00,Completed,17.84,3
2245,2026-09-08 11:09:00,Completed,5.02,4
2246,2026-09-08 18:25:00,Completed,11.38,3
2247,2026-09-08 12:34:00,Completed,17.33,1
2248,2026-09-08 12:05:00,Completed,14.36,2
2249,2026-09-08 17:23:00,Completed,13.67,5
2250,2026-09-08 17:26:00,Completed,23.94,3
2251,2026-09-08 19:41:00,Completed,17.27,2
2252,2026-09-08 16:59:00,Completed,29.66,3
2253,2026-09-08 14:57:00,Completed,32.82,4
2254,2026-09-08 18:31:00,Completed,25.57,2
2255,2026-09-08 16:26:00,Completed,11.44,3
2256,2026-09-08 16:24:00,Completed,9.26,3
2257,2026-09-08 19:37:00,Completed,6.39,5
2258,2026-09-08 15:49:00,Completed,6.42,4
2259,2026-09-08 21:24:00,Completed,32.93,4
2260,2026-09-08 20:06:00,Completed,26.61,2
2261,2026-09-08 21:22:00,Completed,14.37,5
2262,2026-09-08 19:57:00,Completed,20.04,4
2263,2026-09-08 14:58:00,Completed,6.0,3
2264,2026-09-08 16:06:00,Completed,21.9,3
2265,2026-09-08 10:12:00,Completed,15.02,4
2266,2026-09-09 13:13:00,Completed,32.73,3
2267,2026-09-09 14:52:00,Completed,27.72,3
2268,2026-09-09 13:37:00,Completed,27.79,1
2269,2026-09-09 13:31:00,Completed,7.56,3
2270,2026-09-09 16:23:00,Completed,21.4,1
2271,2026-09-09 14:36:00,Completed,27.69,3
2272,2026-09-09 21:28:00,Completed,13.62,1
2273,2026-09-09 10:03:00,Completed,18.37,5
2274,2026-09-09 11:45:00,Completed,34.79,1
2275,2026-09-09 17:02:00,Completed,31.28,2
2276,2026-09-09 17:50:00,Completed,7.96,2
2277,2026-09-09 21:27:00,Completed,22.0,1
2278,2026-09-09 11:18:00,Completed,8.02,5
2279,2026-09-09 13:28:00,Completed,16.52,4
2280,2026-09-09 12:19:00,Completed,8.13,5
2281,2026-09-09 18:10:00,Completed,27.23,1
2282,2026-09-09 18:48:00,Completed,19.63,4
2283,2026-09-09 21:11:00,Completed,12.58,1
2284,2026-09-09 13:26:00,Completed,20.85,2
2285,2026-09-09 14:11:00,Completed,22.27,3
2286,2026-09-09 17:19:00,Completed,20.83,2
2287,2026-09-09 17:39:00,Completed,27.96,5
2288,2026-09-09 12:46:00,Completed,25.47,4
2289,2026-09-09 14:56:00,Completed,18.49,4
2290,2026-09-09 17:47:00,Completed,29.61,5
2291,2026-09-09 15:57:00,Completed,32.16,4
2292,2026-09-09 19:03:00,Completed,17.47,1
2293,2026-09-09 14:47:00,Completed,33.57,5
2294,2026-09-09 11:02:00,Completed,28.01,3
2295,2026-09-09 18:13:00,Completed,28.91,3
2296,2026-09-09 14:28:00,Completed,26.1,1
2297,2026-09-09 11:13:00,Completed,34.21,2
2298,2026-09-09 20:40:00,Completed,21.74,2
2299,2026-09-09 19:40:00,Completed,6.46,5
2300,2026-09-09 19:37:00,Completed,21.75,3
2301,2026-09-09 17:14:00,Completed,12.33,5
2302,2026-09-09 18:18:00,Completed,33.31,5
2303,2026-09-09 13:39:00,Completed,18.04,5
2304,2026-09-09 15:41:00,Completed,30.62,2
2305,2026-09-09 16:10:00,Completed,20.77,1
2306,2026-09-09 17:31:00,Completed,32.61,1
2307,2026-09-09 15:45:00,Completed,11.58,5
2308,2026-09-09 21:09:00,Completed,24.18,5
2309,2026-09-09 17:53:00,Completed,7.98,2
2310,2026-09-09 10:29:00,Completed,15.69,1
2311,2026-09-09 12:52:00,Completed,9.25,1
2312,2026-09-09 13:56:00,Completed,29.58,1
2313,2026-09-09 10:12:00,Completed,20.35,2
2314,2026-09-09 19:34:00,Completed,24.18,2
2315,2026-09-09 20:31:00,Completed,32.14,4
2316,2026-09-09 19:39:00,Completed,31.08,2
2317,2026-09-09 12:32:00,Completed,18.76,2
2318,2026-09-09 12:39:00,Completed,12.24,2
2319,2026-09-09 12:11:00,Completed,8.01,2
2320,2026-09-09 21:23:00,Completed,9.98,5
2321,2026-09-09 14:59:00,Completed,21.25,1
2322,2026-09-09 11:38:00,Completed,24.28,4
2323,2026-09-09 17:36:00,Completed,25.93,1
2324,2026-09-09 11:55:00,Completed,30.46,2
2325,2026-09-09 17:45:00,Completed,12.87,3
2326,2026-09-09 13:54:00,Completed,22.39,1
2327,2026-09-09 11:04:00,Completed,26.13,1
2328,2026-09-09 16:51:00,Completed,27.65,4
2329,2026-09-09 10:13:00,Completed,11.55,3
2330,2026-09-09 14:07:00,Completed,29.29,5
2331,2026-09-09 10:45:00,Completed,9.07,1
2332,2026-09-09 17:13:00,Completed,20.59,5
2333,2026-09-09 14:30:00,Completed,18.41,2
2334,2026-09-09 14:43:00,Completed,26.74,3
2335,2026-09-09 16:19:00,Completed,17.92,5
2336,2026-09-09 13:30:00,Completed,31.14,5
2337,2026-09-09 12:03:00,Completed,32.0,2
2338,2026-09-09 14:36:00,Completed,8.68,2
2339,2026-09-09 15:06:00,Completed,11.96,4
2340,2026-09-09 12:42:00,Completed,21.87,1
2341,2026-09-09 13:26:00,Completed,28.11,3
2342,2026-09-09 14:01:00,Completed,5.58,3
2343,2026-09-09 13:27:00,Completed,27.61,4
2344,2026-09-09 10:57:00,Completed,25.9,3
2345,2026-09-09 14:28:00,Completed,15.52,4
2346,2026-09-09 17:59:00,Completed,7.7,3
2347,2026-09-09 16:43:00,Completed,7.26,5
2348,2026-09-09 11:54:00,Completed,33.51,1
2349,2026-09-09 11:51:00,Completed,9.69,3
2350,2026-09-09 12:28:00,Completed,18.21,4
2351,2026-09-09 17:09:00,Completed,5.01,4
2352,2026-09-09 15:55:00,Completed,14.25,1
2353,2026-09-09 14:48:00,Completed,21.53,5
2354,2026-09-09 16:08:00,Completed,5.58,2
2355,2026-09-09 14:50:00,Completed,32.45,4
2356,2026-09-09 21:57:00,Completed,12.48,1
2357,2026-09-09 11:38:00,Completed,10.4,5
2358,2026-09-09 14:00:00,Completed,14.55,1
2359,2026-09-09 18:03:00,Completed,11.93,5
2360,2026-09-09 18:24:00,Completed,6.92,4
2361,2026-09-09 17:26:00,Completed,24.8,1
2362,2026-09-09 14:16:00,Completed,22.47,3
2363,2026-09-09 17:47:00,Completed,9.85,3
2364,2026-09-09 10:12:00,Completed,10.61,5
2365,2026-09-09 17:17:00,Completed,23.15,5
2366,2026-09-09 16:57:00,Completed,8.84,4
2367,2026-09-09 21:58:00,Completed,26.24,1
2368,2026-09-09 12:47:00,Completed,11.99,2
2369,2026-09-09 10:56:00,Completed,22.86,5
2370,2026-09-09 13:48:00,Completed,20.95,5
2371,2026-09-09 21:16:00,Completed,33.7,2
2372,2026-09-09 14:13:00,Completed,17.81,2
2373,2026-09-09 16:55:00,Completed,19.39,1
2374,2026-09-09 18:45:00,Completed,10.5,5
2375,2026-09-09 13:41:00,Completed,19.66,5
2376,2026-09-09 18:35:00,Completed,10.28,4
2377,2026-09-09 10:10:00,Completed,13.95,3
2378,2026-09-09 16:22:00,Completed,15.64,1
2379,2026-09-09 11:22:00,Completed,12.06,2
2380,2026-09-09 17:01:00,Completed,11.95,5
2381,2026-09-09 16:03:00,Completed,13.43,5
2382,2026-09-09 16:21:00,Completed,23.43,1
2383,2026-09-09 13:36:00,Completed,13.49,2
2384,2026-09-09 16:34:00,Completed,14.61,4
2385,2026-09-09 21:15:00,Completed,31.36,4
2386,2026-09-09 15:41:00,Completed,19.46,5
2387,2026-09-09 12:51:00,Completed,24.74,5
2388,2026-09-09 20:02:00,Completed,15.15,2
2389,2026-09-09 14:17:00,Completed,22.93,3
2390,2026-09-09 17:01:00,Completed,19.81,1
2391,2026-09-09 16:21:00,Completed,21.44,3
2392,2026-09-09 20:28:00,Completed,10.51,2
2393,2026-09-09 10:19:00,Completed,9.56,4
2394,2026-09-09 17:26:00,Completed,18.89,3
2395,2026-09-10 10:37:00,Completed,19.82,5
2396,2026-09-10 11:20:00,Completed,21.71,4
2397,2026-09-10 16:18:00,Completed,32.03,1
2398,2026-09-10 16:27:00,Completed,16.21,5
2399,2026-09-10 14:59:00,Completed,34.05,2
2400,2026-09-10 12:59:00,Completed,17.98,3
2401,2026-09-10 16:16:00,Completed,19.32,5
2402,2026-09-10 14:00:00,Completed,26.54,4
2403,2026-09-10 17:30:00,Completed,13.29,2
2404,2026-09-10 21:51:00,Completed,29.8,1
2405,2026-09-10 20:11:00,Completed,21.91,4
2406,2026-09-10 17:20:00,Completed,13.32,1
2407,2026-09-10 19:36:00,Completed,28.76,5
2408,2026-09-10 20:03:00,Completed,20.94,3
2409,2026-09-10 10:13:00,Completed,28.19,4
2410,2026-09-10 19:35:00,Completed,16.7,1
2411,2026-09-10 17:08:00,Completed,19.26,1
2412,2026-09-10 20:19:00,Completed,20.72,5
2413,2026-09-10 19:47:00,Completed,26.46,3
2414,2026-09-10 20:14:00,Completed,10.2,4
2415,2026-09-10 20:07:00,Completed,15.77,5
2416,2026-09-10 16:42:00,Completed,5.78,3
2417,2026-09-10 10:02:00,Completed,8.37,4
2418,2026-09-10 16:53:00,Completed,20.53,2
2419,2026-09-10 10:30:00,Completed,11.61,1
2420,2026-09-10 17:17:00,Completed,34.68,4
2421,2026-09-10 19:27:00,Completed,8.68,1
2422,2026-09-10 11:43:00,Completed,15.12,5
2423,2026-09-10 18:39:00,Completed,23.33,3
2424,2026-09-10 21:59:00,Completed,8.83,4
2425,2026-09-10 11:13:00,Completed,33.23,3
2426,2026-09-10 20:16:00,Completed,22.67,3
2427,2026-09-10 14:11:00,Completed,33.79,3
2428,2026-09-10 10:50:00,Completed,24.29,5
2429,2026-09-10 17:34:00,Completed,9.5,2
2430,2026-09-10 13:13:00,Completed,13.79,2
2431,2026-09-10 14:47:00,Completed,24.53,4
2432,2026-09-10 20:10:00,Completed,26.8,5
2433,2026-09-10 17:02:00,Completed,8.81,3
2434,2026-09-10 16:13:00,Completed,10.37,2
2435,2026-09-10 13:51:00,Completed,34.96,1
2436,2026-09-10 16:21:00,Completed,32.34,5
2437,2026-09-10 16:31:00,Completed,13.13,3
2438,2026-09-10 13:55:00,Completed,9.14,2
2439,2026-09-10 14:10:00,Completed,33.61,3
2440,2026-09-10 14:57:00,Completed,19.96,3
2441,2026-09-10 10:36:00,Completed,14.05,2
2442,2026-09-10 14:46:00,Completed,17.96,4
2443,2026-09-10 16:14:00,Completed,9.17,3
2444,2026-09-10 21:41:00,Completed,17.18,1
2445,2026-09-10 18:14:00,Completed,9.61,5
2446,2026-09-10 15:45:00,Completed,28.28,3
2447,2026-09-10 19:24:00,Completed,13.77,2
2448,2026-09-10 15:51:00,Completed,27.87,1
2449,2026-09-10 16:24:00,Completed,16.03,5
2450,2026-09-10 12:21:00,Completed,7.26,5
2451,2026-09-10 13:38:00,Completed,34.21,1
2452,2026-09-10 16:05:00,Completed,34.8,5
2453,2026-09-10 14:01:00,Completed,7.84,3
2454,2026-09-10 16:47:00,Completed,34.86,1
2455,2026-09-10 11:39:00,Completed,12.62,4
2456,2026-09-10 13:51:00,Completed,33.11,3
2457,2026-09-10 12:07:00,Completed,9.46,3
2458,2026-09-10 20:35:00,Completed,25.47,4
2459,2026-09-10 20:42:00,Completed,31.96,3
2460,2026-09-10 19:51:00,Completed,34.98,2
2461,2026-09-10 18:07:00,Completed,29.31,5
2462,2026-09-10 19:12:00,Completed,33.8,3
2463,2026-09-10 21:08:00,Completed,15.8,2
2464,2026-09-10 20:10:00,Completed,15.83,1
2465,2026-09-10 18:16:00,Completed,21.48,2
2466,2026-09-10 12:31:00,Completed,31.68,1
2467,2026-09-10 19:46:00,Completed,28.8,4
2468,2026-09-10 11:34:00,Completed,31.79,1
2469,2026-09-10 10:01:00,Completed,18.83,4
2470,2026-09-10 12:05:00,Completed,23.28,2
2471,2026-09-10 20:58:00,Completed,8.71,2
2472,2026-09-10 11:51:00,Completed,18.61,2
2473,2026-09-10 21:53:00,Completed,29.43,5
2474,2026-09-10 10:39:00,Completed,16.9,3
2475,2026-09-10 15:28:00,Completed,11.14,3
2476,2026-09-10 17:02:00,Completed,32.85,2
2477,2026-09-10 15:21:00,Completed,21.19,3
2478,2026-09-10 21:24:00,Completed,23.44,3
2479,2026-09-10 13:08:00,Completed,29.77,4
2480,2026-09-10 12:31:00,Completed,13.99,1
2481,2026-09-10 20:08:00,Completed,12.36,1
2482,2026-09-10 12:10:00,Completed,33.46,3
2483,2026-09-10 15:12:00,Completed,12.63,5
2484,2026-09-10 21:45:00,Completed,6.3,3
2485,2026-09-10 15:03:00,Completed,28.26,4
2486,2026-09-10 10:28:00,Completed,18.08,4
2487,2026-09-10 17:11:00,Completed,18.15,1
2488,2026-09-10 20:18:00,Completed,14.49,4
2489,2026-09-10 20:56:00,Completed,23.76,1
2490,2026-09-10 13:21:00,Completed,15.52,4
2491,2026-09-10 16:12:00,Completed,17.19,5
2492,2026-09-10 17:49:00,Completed,10.98,1
2493,2026-09-10 20:05:00,Completed,31.35,2
2494,2026-09-11 11:07:00,Completed,24.04,2
2495,2026-09-11 21:25:00,Completed,12.64,5
2496,2026-09-11 21:13:00,Completed,30.49,4
2497,2026-09-11 15:07:00,Completed,17.69,2
2498,2026-09-11 19:03:00,Completed,11.28,3
2499,2026-09-11 21:34:00,Completed,23.81,4
2500,2026-09-11 15:12:00,Completed,22.18,3
2501,2026-09-11 15:37:00,Completed,23.85,2
2502,2026-09-11 15:01:00,Completed,17.3,1
2503,2026-09-11 21:11:00,Completed,11.64,4
2504,2026-09-11 14:46:00,Completed,15.6,4
2505,2026-09-11 18:19:00,Completed,26.44,5
2506,2026-09-11 10:26:00,Completed,6.09,3
2507,2026-09-11 15:57:00,Completed,15.73,1
2508,2026-09-11 18:12:00,Completed,27.62,1
2509,2026-09-11 10:18:00,Completed,5.87,4
2510,2026-09-11 20:08:00,Completed,28.55,1
2511,2026-09-11 20:11:00,Completed,13.48,5
2512,2026-09-11 13:34:00,Completed,28.36,5
2513,2026-09-11 10:15:00,Completed,16.76,2
2514,2026-09-11 15:52:00,Completed,29.26,5
2515,2026-09-11 11:22:00,Completed,20.45,5
2516,2026-09-11 10:21:00,Completed,23.11,2
2517,2026-09-11 12:15:00,Completed,28.45,1
2518,2026-09-11 19:21:00,Completed,29.52,4
2519,2026-09-11 11:01:00,Completed,25.27,1
2520,2026-09-11 21:38:00,Completed,30.96,5
2521,2026-09-11 12:01:00,Completed,13.31,5
2522,2026-09-11 21:51:00,Completed,9.19,5
2523,2026-09-11 21:59:00,Completed,17.16,5
2524,2026-09-11 16:37:00,Completed,5.93,4
2525,2026-09-11 21:19:00,Completed,5.68,4
2526,2026-09-11 20:45:00,Completed,33.51,3
2527,2026-09-11 20:04:00,Completed,28.54,5
2528,2026-09-11 10:06:00,Completed,13.35,5
2529,2026-09-11 19:08:00,Completed,22.12,5
2530,2026-09-11 21:53:00,Completed,30.01,5
2531,2026-09-11 11:55:00,Completed,11.6,1
2532,2026-09-11 14:31:00,Completed,17.04,1
2533,2026-09-11 20:48:00,Completed,25.78,5
2534,2026-09-11 16:45:00,Completed,32.07,3
2535,2026-09-11 16:32:00,Completed,13.91,4
2536,2026-09-11 17:14:00,Completed,16.45,1
2537,2026-09-11 15:12:00,Completed,15.63,2
2538,2026-09-11 10:29:00,Completed,9.75,5
2539,2026-09-11 10:08:00,Completed,19.3,3
2540,2026-09-11 11:48:00,Completed,17.29,3
2541,2026-09-11 11:34:00,Completed,11.48,3
2542,2026-09-11 11:11:00,Completed,30.06,4
2543,2026-09-11 13:28:00,Completed,15.99,5
2544,2026-09-11 21:55:00,Completed,30.56,2
2545,2026-09-11 17:23:00,Completed,32.58,5
2546,2026-09-11 14:34:00,Completed,13.17,4
2547,2026-09-11 13:45:00,Completed,28.18,4
2548,2026-09-11 19:07:00,Completed,17.15,1
2549,2026-09-11 14:51:00,Completed,6.46,2
2550,2026-09-11 17:28:00,Completed,24.35,2
2551,2026-09-11 15:37:00,Completed,12.02,2
2552,2026-09-11 17:03:00,Completed,12.65,1
2553,2026-09-11 19:44:00,Completed,14.76,2
2554,2026-09-11 12:11:00,Completed,31.14,2
2555,2026-09-11 17:26:00,Completed,18.78,5
2556,2026-09-11 15:40:00,Completed,13.92,4
2557,2026-09-11 14:59:00,Completed,28.5,3
2558,2026-09-11 19:19:00,Completed,12.65,3
2559,2026-09-11 13:07:00,Completed,14.78,2
2560,2026-09-11 17:03:00,Completed,10.32,2
2561,2026-09-11 21:19:00,Completed,7.41,2
2562,2026-09-11 10:36:00,Completed,28.11,3
2563,2026-09-11 11:15:00,Completed,8.57,3
2564,2026-09-11 11:38:00,Completed,20.17,3
2565,2026-09-11 12:10:00,Completed,13.07,4
2566,2026-09-11 20:58:00,Completed,18.1,2
2567,2026-09-11 10:24:00,Completed,11.26,2
2568,2026-09-11 17:17:00,Completed,13.38,1
2569,2026-09-11 11:23:00,Completed,21.87,1
2570,2026-09-11 13:33:00,Completed,8.5,3
2571,2026-09-11 14:33:00,Completed,29.56,1
2572,2026-09-11 18:51:00,Completed,9.3,4
2573,2026-09-11 18:36:00,Completed,8.08,1
2574,2026-09-11 14:52:00,Completed,8.99,2
2575,2026-09-11 17:23:00,Completed,22.72,5
2576,2026-09-11 19:19:00,Completed,11.33,1
2577,2026-09-11 11:21:00,Completed,9.17,5
2578,2026-09-11 21:33:00,Completed,25.86,2
2579,2026-09-11 21:15:00,Completed,10.45,3
2580,2026-09-11 14:32:00,Completed,18.5,2
2581,2026-09-11 21:46:00,Completed,24.14,2
2582,2026-09-11 21:36:00,Completed,33.29,1
2583,2026-09-11 19:38:00,Completed,23.52,3
2584,2026-09-11 13:44:00,Completed,5.25,3
2585,2026-09-11 15:00:00,Completed,5.53,4
2586,2026-09-11 18:18:00,Completed,29.49,5
2587,2026-09-11 10:56:00,Completed,29.02,5
2588,2026-09-11 15:34:00,Completed,16.34,4
2589,2026-09-11 16:36:00,Completed,6.87,5
2590,2026-09-11 14:04:00,Completed,29.65,5
2591,2026-09-11 19:04:00,Completed,26.91,2
2592,2026-09-11 10:04:00,Completed,12.09,3
2593,2026-09-11 18:50:00,Completed,25.49,2
2594,2026-09-11 18:50:00,Completed,24.84,5
2595,2026-09-11 19:10:00,Completed,29.32,2
2596,2026-09-11 16:43:00,Completed,28.26,5
2597,2026-09-11 13:15:00,Completed,23.76,3
2598,2026-09-11 19:33:00,Completed,18.23,1
2599,2026-09-11 21:21:00,Completed,27.91,2
2600,2026-09-11 17:13:00,Completed,14.7,5
2601,2026-09-11 16:09:00,Completed,16.72,2
2602,2026-09-11 18:19:00,Completed,28.25,3
2603,2026-09-11 16:00:00,Completed,33.29,4
2604,2026-09-11 20:33:00,Completed,18.22,2
2605,2026-09-11 17:11:00,Completed,13.51,2
2606,2026-09-11 12:40:00,Completed,14.1,3
2607,2026-09-11 16:18:00,Completed,11.81,4
2608,2026-09-11 15:36:00,Completed,33.7,3
2609,2026-09-11 12:55:00,Completed,13.02,5
2610,2026-09-11 20:23:00,Completed,11.23,1
2611,2026-09-11 20:54:00,Completed,5.34,3
2612,2026-09-11 16:32:00,Completed,31.89,1
2613,2026-09-11 12:00:00,Completed,28.99,4
2614,2026-09-11 13:33:00,Completed,6.95,3
2615,2026-09-11 21:01:00,Completed,17.87,5
2616,2026-09-11 15:42:00,Completed,32.06,5
2617,2026-09-11 17:52:00,Completed,23.7,3
2618,2026-09-11 16:47:00,Completed,16.73,2
2619,2026-09-11 18:39:00,Completed,34.82,1
2620,2026-09-11 12:27:00,Completed,33.54,5
2621,2026-09-11 13:41:00,Completed,17.9,4
2622,2026-09-11 11:17:00,Completed,12.13,2
2623,2026-09-11 11:05:00,Completed,22.39,3
2624,2026-09-12 21:37:00,Completed,21.46,1
2625,2026-09-12 15:38:00,Completed,6.17,3
2626,2026-09-12 18:47:00,Completed,20.83,5
2627,2026-09-12 19:15:00,Completed,15.39,5
2628,2026-09-12 20:40:00,Completed,10.28,4
2629,2026-09-12 10:10:00,Completed,26.24,1
2630,2026-09-12 10:09:00,Completed,33.88,2
2631,2026-09-12 20:57:00,Completed,32.8,4
2632,2026-09-12 18:51:00,Completed,19.56,2
2633,2026-09-12 20:17:00,Completed,15.47,5
2634,2026-09-12 15:02:00,Completed,31.33,3
2635,2026-09-12 13:39:00,Completed,22.24,2
2636,2026-09-12 18:40:00,Completed,6.0,3
2637,2026-09-12 13:59:00,Completed,19.15,5
2638,2026-09-12 19:37:00,Completed,6.31,4
2639,2026-09-12 19:34:00,Completed,30.07,5
2640,2026-09-12 15:10:00,Completed,30.45,3
2641,2026-09-12 14:17:00,Completed,22.57,5
2642,2026-09-12 14:08:00,Completed,28.09,4
2643,2026-09-12 17:23:00,Completed,33.76,2
2644,2026-09-12 14:20:00,Completed,31.67,3
2645,2026-09-12 19:06:00,Completed,28.98,2
2646,2026-09-12 15:10:00,Completed,26.8,3
2647,2026-09-12 18:10:00,Completed,31.58,1
2648,2026-09-12 19:01:00,Completed,30.13,2
2649,2026-09-12 10:37:00,Completed,8.1,3
2650,2026-09-12 17:09:00,Completed,5.48,1
2651,2026-09-12 13:21:00,Completed,12.24,4
2652,2026-09-12 15:07:00,Completed,17.6,5
2653,2026-09-12 18:01:00,Completed,17.46,1
2654,2026-09-12 18:04:00,Completed,13.37,5
2655,2026-09-12 17:49:00,Completed,28.61,2
2656,2026-09-12 15:36:00,Completed,12.86,5
2657,2026-09-12 13:53:00,Completed,13.0,2
2658,2026-09-12 14:20:00,Completed,10.56,3
2659,2026-09-12 20:03:00,Completed,27.52,1
2660,2026-09-12 20:44:00,Completed,19.78,2
2661,2026-09-12 14:08:00,Completed,20.25,4
2662,2026-09-12 15:35:00,Completed,11.58,5
2663,2026-09-12 20:06:00,Completed,13.76,4
2664,2026-09-12 15:17:00,Completed,8.6,4
2665,2026-09-12 21:24:00,Completed,18.95,3
2666,2026-09-12 19:07:00,Completed,17.47,2
2667,2026-09-12 13:14:00,Completed,28.0,4
2668,2026-09-12 15:07:00,Completed,10.53,1
2669,2026-09-12 17:54:00,Completed,15.04,2
2670,2026-09-12 16:23:00,Completed,25.31,1
2671,2026-09-12 21:56:00,Completed,6.87,3
2672,2026-09-12 12:47:00,Completed,23.65,2
2673,2026-09-12 19:41:00,Completed,13.47,2
2674,2026-09-12 10:53:00,Completed,6.19,4
2675,2026-09-12 17:54:00,Completed,15.16,5
2676,2026-09-12 10:44:00,Completed,29.01,1
2677,2026-09-12 15:24:00,Completed,30.7,4
2678,2026-09-12 18:38:00,Completed,32.42,4
2679,2026-09-12 13:05:00,Completed,27.04,4
2680,2026-09-12 19:49:00,Completed,6.28,4
2681,2026-09-12 16:51:00,Completed,15.4,1
2682,2026-09-12 13:25:00,Completed,29.84,3
2683,2026-09-12 13:52:00,Completed,6.59,4
2684,2026-09-12 13:04:00,Completed,29.24,5
2685,2026-09-12 12:40:00,Completed,5.65,1
2686,2026-09-12 19:08:00,Completed,19.15,3
2687,2026-09-12 21:00:00,Completed,10.58,2
2688,2026-09-12 20:14:00,Completed,34.22,1
2689,2026-09-12 14:23:00,Completed,16.47,2
2690,2026-09-12 14:16:00,Completed,14.96,1
2691,2026-09-12 14:45:00,Completed,20.84,2
2692,2026-09-12 14:41:00,Completed,8.96,4
2693,2026-09-12 18:51:00,Completed,24.72,4
2694,2026-09-12 16:36:00,Completed,13.35,5
2695,2026-09-12 14:51:00,Completed,25.17,5
2696,2026-09-12 14:17:00,Completed,32.59,2
2697,2026-09-12 14:54:00,Completed,13.55,2
2698,2026-09-12 18:11:00,Completed,24.87,4
2699,2026-09-12 12:39:00,Completed,8.73,1
2700,2026-09-12 20:16:00,Completed,12.46,2
2701,2026-09-12 18:01:00,Completed,25.48,3
2702,2026-09-12 18:48:00,Completed,23.35,3
2703,2026-09-12 17:48:00,Completed,32.41,3
2704,2026-09-12 15:59:00,Completed,26.36,2
2705,2026-09-12 14:51:00,Completed,22.25,1
2706,2026-09-12 19:33:00,Completed,8.22,2
2707,2026-09-12 17:17:00,Completed,20.24,3
2708,2026-09-12 18:12:00,Completed,6.32,5
2709,2026-09-12 15:35:00,Completed,29.29,3
2710,2026-09-12 16:13:00,Completed,5.44,1
2711,2026-09-12 10:28:00,Completed,24.63,1
2712,2026-09-12 12:38:00,Completed,5.77,4
2713,2026-09-12 17:44:00,Completed,19.7,5
2714,2026-09-12 16:33:00,Completed,11.33,3
2715,2026-09-12 10:54:00,Completed,24.83,4
2716,2026-09-12 16:03:00,Completed,19.38,5
2717,2026-09-12 12:54:00,Completed,9.48,1
2718,2026-09-12 17:08:00,Completed,24.72,3
2719,2026-09-12 15:35:00,Completed,34.62,3
2720,2026-09-12 10:19:00,Completed,27.49,2
2721,2026-09-12 20:50:00,Completed,23.86,1
2722,2026-09-12 13:53:00,Completed,31.67,5
2723,2026-09-12 14:01:00,Completed,21.44,5
2724,2026-09-12 18:08:00,Completed,13.45,5
2725,2026-09-12 17:32:00,Completed,14.25,1
2726,2026-09-12 17:10:00,Completed,24.07,4
2727,2026-09-12 14:02:00,Completed,24.66,1
2728,2026-09-12 20:24:00,Completed,34.94,1
2729,2026-09-12 17:18:00,Completed,24.38,2
2730,2026-09-12 11:09:00,Completed,10.07,5
2731,2026-09-12 20:43:00,Completed,18.14,2
2732,2026-09-12 13:07:00,Completed,11.07,2
2733,2026-09-12 14:24:00,Completed,26.34,3
2734,2026-09-12 17:13:00,Completed,18.63,3
2735,2026-09-12 12:31:00,Completed,14.39,2
2736,2026-09-12 13:17:00,Completed,26.53,5
2737,2026-09-12 16:25:00,Completed,31.54,3
2738,2026-09-12 17:49:00,Completed,21.41,1
2739,2026-09-12 17:02:00,Completed,12.59,2
2740,2026-09-12 16:46:00,Completed,17.96,2
2741,2026-09-12 14:43:00,Completed,33.26,1
2742,2026-09-12 14:15:00,Completed,18.97,1
2743,2026-09-13 11:32:00,Completed,12.86,3
2744,2026-09-13 12:27:00,Completed,19.65,5
2745,2026-09-13 11:41:00,Completed,7.46,4
2746,2026-09-13 11:59:00,Completed,34.35,3
2747,2026-09-13 17:17:00,Completed,11.58,4
2748,2026-09-13 15:03:00,Completed,24.91,4
2749,2026-09-13 21:31:00,Completed,20.05,3
2750,2026-09-13 20:36:00,Completed,13.66,4
2751,2026-09-13 21:46:00,Completed,24.13,1
2752,2026-09-13 20:40:00,Completed,7.41,3
2753,2026-09-13 19:23:00,Completed,27.47,3
2754,2026-09-13 13:41:00,Completed,23.0,3
2755,2026-09-13 16:52:00,Completed,19.36,2
2756,2026-09-13 19:46:00,Completed,34.48,4
2757,2026-09-13 11:02:00,Completed,26.6,2
2758,2026-09-13 17:52:00,Completed,29.17,4
2759,2026-09-13 11:01:00,Completed,7.56,1
2760,2026-09-13 17:29:00,Completed,12.71,5
2761,2026-09-13 11:16:00,Completed,13.02,5
2762,2026-09-13 14:04:00,Completed,29.96,2
2763,2026-09-13 17:06:00,Completed,18.22,5
2764,2026-09-13 17:41:00,Completed,21.74,1
2765,2026-09-13 15:22:00,Completed,9.45,3
2766,2026-09-13 19:40:00,Completed,10.82,3
2767,2026-09-13 13:08:00,Completed,8.83,3
2768,2026-09-13 14:49:00,Completed,25.64,3
2769,2026-09-13 11:04:00,Completed,8.08,4
2770,2026-09-13 17:43:00,Completed,11.34,3
2771,2026-09-13 16:31:00,Completed,9.07,4
2772,2026-09-13 12:36:00,Completed,9.38,5
2773,2026-09-13 11:12:00,Completed,8.99,1
2774,2026-09-13 15:04:00,Completed,13.47,1
2775,2026-09-13 21:13:00,Completed,25.95,2
2776,2026-09-13 13:56:00,Completed,20.55,4
2777,2026-09-13 11:11:00,Completed,7.7,5
2778,2026-09-13 13:11:00,Completed,30.3,2
2779,2026-09-13 15:31:00,Completed,19.72,5
2780,2026-09-13 11:44:00,Completed,12.07,3
2781,2026-09-13 17:45:00,Completed,19.8,1
2782,2026-09-13 12:52:00,Completed,23.89,5
2783,2026-09-13 13:02:00,Completed,11.21,4
2784,2026-09-13 13:36:00,Completed,5.43,4
2785,2026-09-13 15:02:00,Completed,15.47,3
2786,2026-09-13 15:18:00,Completed,16.82,3
2787,2026-09-13 19:45:00,Completed,34.34,4
2788,2026-09-13 13:33:00,Completed,25.17,3
2789,2026-09-13 13:12:00,Completed,15.18,2
2790,2026-09-13 21:23:00,Completed,16.32,5
2791,2026-09-13 16:17:00,Completed,15.69,2
2792,2026-09-13 11:36:00,Completed,13.98,1
2793,2026-09-13 19:07:00,Completed,27.35,1
2794,2026-09-13 11:14:00,Completed,24.22,2
2795,2026-09-13 10:55:00,Completed,19.52,3
2796,2026-09-13 14:40:00,Completed,6.65,5
2797,2026-09-13 13:46:00,Completed,11.52,3
2798,2026-09-13 15:10:00,Completed,22.67,4
2799,2026-09-13 16:08:00,Completed,13.6,2
2800,2026-09-13 12:24:00,Completed,25.86,5
2801,2026-09-13 16:09:00,Completed,10.3,1
2802,2026-09-13 21:11:00,Completed,14.62,1
2803,2026-09-13 17:12:00,Completed,16.75,1
2804,2026-09-13 15:03:00,Completed,25.27,5
2805,2026-09-13 12:20:00,Completed,32.13,1
2806,2026-09-13 18:31:00,Completed,22.13,5
2807,2026-09-13 10:44:00,Completed,13.05,4
2808,2026-09-13 16:43:00,Completed,21.62,2
2809,2026-09-13 11:44:00,Completed,13.94,1
2810,2026-09-13 20:56:00,Completed,13.66,4
2811,2026-09-13 14:34:00,Completed,7.82,1
2812,2026-09-13 14:13:00,Completed,10.86,3
2813,2026-09-13 21:48:00,Completed,25.67,5
2814,2026-09-13 12:35:00,Completed,6.37,5
2815,2026-09-13 13:33:00,Completed,6.41,1
2816,2026-09-13 20:54:00,Completed,18.18,5
2817,2026-09-13 11:02:00,Completed,15.36,4
2818,2026-09-13 10:43:00,Completed,8.23,1
2819,2026-09-13 12:02:00,Completed,9.35,5
2820,2026-09-13 21:38:00,Completed,7.34,4
2821,2026-09-13 20:19:00,Completed,20.89,2
2822,2026-09-13 10:42:00,Completed,12.33,5
2823,2026-09-13 14:56:00,Completed,16.81,3
2824,2026-09-13 14:18:00,Completed,31.75,4
2825,2026-09-13 21:34:00,Completed,6.87,1
2826,2026-09-13 15:25:00,Completed,27.08,4
2827,2026-09-13 15:59:00,Completed,13.99,1
2828,2026-09-13 21:52:00,Completed,17.58,5
2829,2026-09-13 18:41:00,Completed,16.88,2
2830,2026-09-13 14:48:00,Completed,30.01,4
2831,2026-09-13 17:27:00,Completed,32.69,1
2832,2026-09-13 16:34:00,Completed,20.72,5
2833,2026-09-13 21:07:00,Completed,26.11,5
2834,2026-09-13 10:54:00,Completed,21.53,2
2835,2026-09-13 14:23:00,Completed,9.86,5
2836,2026-09-13 15:51:00,Completed,11.77,5
2837,2026-09-13 15:01:00,Completed,7.54,4
2838,2026-09-13 20:37:00,Completed,33.06,4
2839,2026-09-13 18:08:00,Completed,21.6,4
2840,2026-09-13 10:37:00,Completed,15.15,4
2841,2026-09-13 14:45:00,Completed,15.06,3
2842,2026-09-13 10:58:00,Completed,33.17,2
2843,2026-09-13 14:18:00,Completed,21.36,1
2844,2026-09-13 14:19:00,Completed,31.81,5
2845,2026-09-13 10:09:00,Completed,14.1,3
2846,2026-09-13 14:29:00,Completed,23.0,4
2847,2026-09-13 16:55:00,Completed,20.34,3
2848,2026-09-13 12:03:00,Completed,29.78,3
2849,2026-09-13 10:27:00,Completed,27.8,1
2850,2026-09-13 11:45:00,Completed,7.6,2
2851,2026-09-13 12:59:00,Completed,5.56,5
2852,2026-09-13 13:11:00,Completed,22.59,5
2853,2026-09-13 11:51:00,Completed,34.37,3
2854,2026-09-13 20:15:00,Completed,11.66,4
2855,2026-09-13 12:32:00,Completed,12.68,5
2856,2026-09-13 17:49:00,Completed,6.76,1
2857,2026-09-13 19:44:00,Completed,11.96,3
2858,2026-09-13 15:44:00,Completed,34.35,4
2859,2026-09-13 15:46:00,Completed,18.53,4
2860,2026-09-13 11:21:00,Completed,31.57,2
2861,2026-09-13 17:16:00,Completed,10.83,5
2862,2026-09-13 14:21:00,Completed,7.37,2
2863,2026-09-13 10:11:00,Completed,11.93,2
2864,2026-09-13 21:12:00,Completed,18.37,5
2865,2026-09-13 18:01:00,Completed,7.47,5
2866,2026-09-13 20:17:00,Completed,10.36,1
2867,2026-09-14 10:12:00,Completed,33.87,1
2868,2026-09-14 14:54:00,Completed,10.5,1
2869,2026-09-14 10:20:00,Completed,18.98,2
2870,2026-09-14 14:41:00,Completed,26.38,2
2871,2026-09-14 15:30:00,Completed,21.14,4
2872,2026-09-14 18:58:00,Completed,33.43,1
2873,2026-09-14 19:30:00,Completed,12.97,5
2874,2026-09-14 11:40:00,Completed,17.99,5
2875,2026-09-14 21:15:00,Completed,24.7,1
2876,2026-09-14 16:19:00,Completed,10.15,4
2877,2026-09-14 15:38:00,Completed,7.47,4
2878,2026-09-14 14:20:00,Completed,30.1,1
2879,2026-09-14 14:42:00,Completed,34.43,3
2880,2026-09-14 21:25:00,Completed,18.01,5
2881,2026-09-14 12:58:00,Completed,15.28,2
2882,2026-09-14 18:48:00,Completed,33.32,2
2883,2026-09-14 18:38:00,Completed,25.91,2
2884,2026-09-14 10:52:00,Completed,26.12,5
2885,2026-09-14 21:22:00,Completed,30.54,5
2886,2026-09-14 14:24:00,Completed,33.51,1
2887,2026-09-14 21:28:00,Completed,31.06,2
2888,2026-09-14 21:04:00,Completed,8.58,2
2889,2026-09-14 20:53:00,Completed,18.62,1
2890,2026-09-14 16:03:00,Completed,29.6,5
2891,2026-09-14 11:34:00,Completed,22.13,1
2892,2026-09-14 13:17:00,Completed,14.37,1
2893,2026-09-14 12:11:00,Completed,14.08,5
2894,2026-09-14 18:49:00,Completed,24.45,2
2895,2026-09-14 14:31:00,Completed,9.47,3
2896,2026-09-14 17:03:00,Completed,12.37,5
2897,2026-09-14 12:04:00,Completed,29.52,1
2898,2026-09-14 17:26:00,Completed,27.26,5
2899,2026-09-14 12:51:00,Completed,34.29,1
2900,2026-09-14 15:47:00,Completed,13.58,2
2901,2026-09-14 17:23:00,Completed,27.55,2
2902,2026-09-14 11:41:00,Completed,9.73,1
2903,2026-09-14 11:22:00,Completed,20.67,1
2904,2026-09-14 18:35:00,Completed,15.72,1
2905,2026-09-14 14:41:00,Completed,5.35,5
2906,2026-09-14 17:39:00,Completed,10.63,2
2907,2026-09-14 17:35:00,Completed,7.68,3
2908,2026-09-14 10:59:00,Completed,24.58,1
2909,2026-09-14 20:39:00,Completed,21.18,2
2910,2026-09-14 10:06:00,Completed,12.28,2
2911,2026-09-14 14:36:00,Completed,22.75,2
2912,2026-09-14 15:41:00,Completed,6.01,1
2913,2026-09-14 17:54:00,Completed,29.72,5
2914,2026-09-14 17:19:00,Completed,18.93,5
2915,2026-09-14 18:19:00,Completed,21.12,3
2916,2026-09-14 19:23:00,Completed,26.39,3
2917,2026-09-14 10:19:00,Completed,19.57,2
2918,2026-09-14 19:04:00,Completed,10.19,1
2919,2026-09-14 20:51:00,Completed,8.15,2
2920,2026-09-14 10:58:00,Completed,32.58,2
2921,2026-09-14 13:35:00,Completed,24.5,5
2922,2026-09-14 16:31:00,Completed,22.17,4
2923,2026-09-14 21:39:00,Completed,9.71,3
2924,2026-09-14 14:50:00,Completed,23.0,2
2925,2026-09-14 12:48:00,Completed,23.22,1
2926,2026-09-14 11:05:00,Completed,16.98,3
2927,2026-09-14 17:41:00,Completed,25.25,5
2928,2026-09-14 15:25:00,Completed,15.39,4
2929,2026-09-14 15:14:00,Completed,12.52,5
2930,2026-09-14 19:49:00,Completed,23.9,5
2931,2026-09-14 12:35:00,Completed,8.33,3
2932,2026-09-14 10:27:00,Completed,19.61,5
2933,2026-09-14 10:37:00,Completed,23.23,1
2934,2026-09-14 19:25:00,Completed,17.54,4
2935,2026-09-14 18:50:00,Completed,31.51,5
2936,2026-09-14 14:38:00,Completed,31.22,2
2937,2026-09-14 21:20:00,Completed,32.0,4
2938,2026-09-14 21:56:00,Completed,22.78,5
2939,2026-09-14 14:11:00,Completed,13.41,1
2940,2026-09-14 14:57:00,Completed,15.6,3
2941,2026-09-14 15:15:00,Completed,6.94,4
2942,2026-09-14 11:06:00,Completed,27.33,4
2943,2026-09-14 14:49:00,Completed,5.14,4
2944,2026-09-14 10:58:00,Completed,25.72,1
2945,2026-09-14 16:19:00,Completed,15.51,4
2946,2026-09-14 13:06:00,Completed,30.54,5
2947,2026-09-14 11:31:00,Completed,24.82,1
2948,2026-09-14 16:34:00,Completed,16.71,2
2949,2026-09-14 13:31:00,Completed,26.58,1
2950,2026-09-14 14:44:00,Completed,13.44,4
2951,2026-09-14 19:48:00,Completed,28.17,3
2952,2026-09-14 21:32:00,Completed,27.74,2
2953,2026-09-14 12:18:00,Completed,34.63,1
2954,2026-09-14 18:59:00,Completed,22.72,3
2955,2026-09-14 12:43:00,Completed,23.34,5
2956,2026-09-14 17:42:00,Completed,6.57,3
2957,2026-09-14 14:23:00,Completed,33.92,4
2958,2026-09-14 13:04:00,Completed,28.28,3
2959,2026-09-14 19:49:00,Completed,26.95,2
2960,2026-09-14 15:51:00,Completed,18.35,1
2961,2026-09-14 14:21:00,Completed,29.14,4
2962,2026-09-14 12:27:00,Completed,14.19,2
2963,2026-09-14 16:05:00,Completed,24.15,2
2964,2026-09-14 21:31:00,Completed,10.01,3
2965,2026-09-14 11:28:00,Completed,24.77,4
2966,2026-09-14 19:08:00,Completed,18.65,2
2967,2026-09-14 10:42:00,Completed,20.29,4
2968,2026-09-14 20:15:00,Completed,18.59,4
2969,2026-09-14 15:20:00,Completed,24.93,4
2970,2026-09-14 13:39:00,Completed,12.83,4
2971,2026-09-14 11:53:00,Completed,27.34,3
2972,2026-09-14 16:36:00,Completed,23.46,2
2973,2026-09-14 14:35:00,Completed,7.43,3
2974,2026-09-14 10:04:00,Completed,11.48,5
2975,2026-09-14 12:12:00,Completed,11.01,1
2976,2026-09-14 21:11:00,Completed,15.51,5
2977,2026-09-14 19:31:00,Completed,28.48,5
2978,2026-09-14 14:32:00,Completed,14.84,3
2979,2026-09-14 16:46:00,Completed,23.19,4
2980,2026-09-14 13:15:00,Completed,24.08,5
2981,2026-09-14 21:41:00,Completed,10.34,5
2982,2026-09-14 13:10:00,Completed,33.81,4
2983,2026-09-14 16:16:00,Completed,28.58,1
2984,2026-09-14 18:05:00,Completed,22.28,4
2985,2026-09-14 12:07:00,Completed,30.91,2
2986,2026-09-14 15:53:00,Completed,33.18,2
2987,2026-09-14 15:35:00,Completed,14.76,3
2988,2026-09-14 14:12:00,Completed,19.67,4
2989,2026-09-14 10:56:00,Completed,27.65,3
2990,2026-09-14 12:05:00,Completed,29.46,4
2991,2026-09-14 17:16:00,Completed,8.23,3
2992,2026-09-14 19:27:00,Completed,34.59,4
2993,2026-09-14 12:14:00,Completed,17.07,3
2994,2026-09-14 21:30:00,Completed,27.07,4
2995,2026-09-14 13:24:00,Completed,5.51,3
2996,2026-09-14 18:24:00,Completed,24.78,5
2997,2026-09-14 18:21:00,Completed,26.68,3
2998,2026-09-14 21:49:00,Completed,33.3,1
2999,2026-09-14 13:16:00,Completed,17.83,4
3000,2026-09-14 13:31:00,Completed,9.87,2
3001,2026-09-15 20:31:00,Completed,17.74,4
3002,2026-09-15 12:42:00,Completed,24.84,2
3003,2026-09-15 10:20:00,Completed,22.22,5
3004,2026-09-15 21:58:00,Completed,20.45,4
3005,2026-09-15 19:24:00,Completed,33.7,5
3006,2026-09-15 17:54:00,Completed,5.56,5
3007,2026-09-15 11:36:00,Completed,22.01,1
3008,2026-09-15 10:08:00,Completed,30.37,4
3009,2026-09-15 19:37:00,Completed,9.22,3
3010,2026-09-15 13:48:00,Completed,19.48,5
3011,2026-09-15 11:43:00,Completed,34.17,1
3012,2026-09-15 16:17:00,Completed,23.17,3
3013,2026-09-15 15:29:00,Completed,23.82,2
3014,2026-09-15 19:59:00,Completed,22.65,4
3015,2026-09-15 16:36:00,Completed,25.11,5
3016,2026-09-15 10:35:00,Completed,22.71,5
3017,2026-09-15 10:08:00,Completed,21.5,3
3018,2026-09-15 12:00:00,Completed,21.25,4
3019,2026-09-15 10:58:00,Completed,5.13,3
3020,2026-09-15 17:54:00,Completed,18.78,5
3021,2026-09-15 21:25:00,Completed,14.95,3
3022,2026-09-15 11:46:00,Completed,6.52,3
3023,2026-09-15 17:13:00,Completed,21.77,3
3024,2026-09-15 17:41:00,Completed,13.8,1
3025,2026-09-15 15:45:00,Completed,25.84,3
3026,2026-09-15 14:38:00,Completed,22.72,1
3027,2026-09-15 15:27:00,Completed,20.44,2
3028,2026-09-15 18:04:00,Completed,19.48,1
3029,2026-09-15 18:50:00,Completed,32.25,3
3030,2026-09-15 21:29:00,Completed,5.06,3
3031,2026-09-15 13:09:00,Completed,18.74,1
3032,2026-09-15 10:31:00,Completed,10.82,2
3033,2026-09-15 11:36:00,Completed,25.6,5
3034,2026-09-15 13:20:00,Completed,21.73,3
3035,2026-09-15 10:32:00,Completed,6.3,3
3036,2026-09-15 21:29:00,Completed,23.37,3
3037,2026-09-15 12:54:00,Completed,20.51,3
3038,2026-09-15 11:55:00,Completed,32.22,3
3039,2026-09-15 19:50:00,Completed,14.26,2
3040,2026-09-15 19:56:00,Completed,27.15,4
3041,2026-09-15 12:59:00,Completed,13.2,5
3042,2026-09-15 18:23:00,Completed,9.6,2
3043,2026-09-15 12:35:00,Completed,27.3,5
3044,2026-09-15 12:21:00,Completed,9.98,2
3045,2026-09-15 19:04:00,Completed,25.7,3
3046,2026-09-15 10:22:00,Completed,20.43,5
3047,2026-09-15 16:56:00,Completed,14.09,3
3048,2026-09-15 14:27:00,Completed,29.81,4
3049,2026-09-15 13:58:00,Completed,11.81,3
3050,2026-09-15 15:17:00,Completed,16.95,4
3051,2026-09-15 15:55:00,Completed,13.28,1
3052,2026-09-15 13:30:00,Completed,20.24,4
3053,2026-09-15 15:28:00,Completed,26.81,2
3054,2026-09-15 19:27:00,Completed,10.29,2
3055,2026-09-15 19:49:00,Completed,34.41,5
3056,2026-09-15 21:28:00,Completed,6.79,4
3057,2026-09-15 14:23:00,Completed,33.03,3
3058,2026-09-15 20:53:00,Completed,8.36,2
3059,2026-09-15 10:44:00,Completed,26.41,4
3060,2026-09-15 14:38:00,Completed,9.38,5
3061,2026-09-15 21:04:00,Completed,12.03,5
3062,2026-09-15 18:44:00,Completed,21.55,3
3063,2026-09-15 17:15:00,Completed,17.03,1
3064,2026-09-15 10:48:00,Completed,14.82,5
3065,2026-09-15 21:19:00,Completed,7.1,3
3066,2026-09-15 15:10:00,Completed,28.68,1
3067,2026-09-15 13:29:00,Completed,5.21,1
3068,2026-09-15 15:22:00,Completed,26.78,3
3069,2026-09-15 10:59:00,Completed,20.25,4
3070,2026-09-15 16:02:00,Completed,14.64,4
3071,2026-09-15 20:27:00,Completed,29.55,1
3072,2026-09-15 11:57:00,Completed,27.49,4
3073,2026-09-15 15:30:00,Completed,9.8,3
3074,2026-09-15 15:48:00,Completed,16.84,4
3075,2026-09-15 20:05:00,Completed,17.66,5
3076,2026-09-15 20:55:00,Completed,27.95,3
3077,2026-09-15 18:40:00,Completed,23.63,4
3078,2026-09-15 20:37:00,Completed,8.36,5
3079,2026-09-15 21:27:00,Completed,31.15,4
3080,2026-09-15 20:23:00,Completed,21.6,2
3081,2026-09-15 21:33:00,Completed,28.53,5
3082,2026-09-15 20:48:00,Completed,21.67,1
3083,2026-09-15 19:59:00,Completed,15.23,1
3084,2026-09-15 19:39:00,Completed,11.19,2
3085,2026-09-15 12:38:00,Completed,13.66,5
3086,2026-09-15 16:43:00,Completed,32.55,2
3087,2026-09-15 11:06:00,Completed,29.67,4
3088,2026-09-15 14:56:00,Completed,32.04,3
3089,2026-09-15 11:53:00,Completed,30.97,3
3090,2026-09-15 21:23:00,Completed,26.61,1
3091,2026-09-15 14:08:00,Completed,15.6,5
3092,2026-09-15 19:19:00,Completed,14.79,4
3093,2026-09-15 20:08:00,Completed,12.37,4
3094,2026-09-15 12:14:00,Completed,9.92,4
3095,2026-09-15 12:00:00,Completed,15.69,2
3096,2026-09-15 20:14:00,Completed,22.3,2
3097,2026-09-15 19:09:00,Completed,12.63,1
3098,2026-09-15 15:34:00,Completed,13.9,5
3099,2026-09-16 14:18:00,Completed,10.06,5
3100,2026-09-16 19:02:00,Completed,27.26,3
3101,2026-09-16 12:06:00,Completed,33.64,4
3102,2026-09-16 20:40:00,Completed,12.23,2
3103,2026-09-16 14:47:00,Completed,26.96,1
3104,2026-09-16 17:41:00,Completed,9.28,4
3105,2026-09-16 10:24:00,Completed,14.64,5
3106,2026-09-16 19:53:00,Completed,21.29,4
3107,2026-09-16 19:56:00,Completed,14.94,2
3108,2026-09-16 12:02:00,Completed,34.16,3
3109,2026-09-16 21:39:00,Completed,21.8,2
3110,2026-09-16 17:51:00,Completed,16.27,4
3111,2026-09-16 15:07:00,Completed,5.24,1
3112,2026-09-16 21:11:00,Completed,19.69,3
3113,2026-09-16 20:16:00,Completed,9.46,2
3114,2026-09-16 20:18:00,Completed,32.9,5
3115,2026-09-16 15:40:00,Completed,17.45,1
3116,2026-09-16 19:20:00,Completed,19.69,4
3117,2026-09-16 21:48:00,Completed,30.32,5
3118,2026-09-16 16:22:00,Completed,27.26,1
3119,2026-09-16 14:42:00,Completed,15.18,1
3120,2026-09-16 18:28:00,Completed,31.28,1
3121,2026-09-16 19:10:00,Completed,20.84,1
3122,2026-09-16 17:40:00,Completed,5.93,5
3123,2026-09-16 16:33:00,Completed,7.36,4
3124,2026-09-16 19:11:00,Completed,18.91,2
3125,2026-09-16 18:19:00,Completed,25.59,2
3126,2026-09-16 12:57:00,Completed,19.81,5
3127,2026-09-16 11:31:00,Completed,32.45,5
3128,2026-09-16 20:33:00,Completed,10.89,5
3129,2026-09-16 19:27:00,Completed,24.5,1
3130,2026-09-16 16:18:00,Completed,5.03,2
3131,2026-09-16 20:50:00,Completed,31.25,1
3132,2026-09-16 21:41:00,Completed,33.24,3
3133,2026-09-16 15:30:00,Completed,19.04,2
3134,2026-09-16 10:54:00,Completed,22.07,3
3135,2026-09-16 20:47:00,Completed,10.65,1
3136,2026-09-16 20:46:00,Completed,29.8,5
3137,2026-09-16 15:03:00,Completed,15.75,3
3138,2026-09-16 15:21:00,Completed,13.3,1
3139,2026-09-16 14:33:00,Completed,13.36,4
3140,2026-09-16 21:08:00,Completed,14.0,4
3141,2026-09-16 16:33:00,Completed,31.47,1
3142,2026-09-16 19:44:00,Completed,31.44,1
3143,2026-09-16 11:41:00,Completed,29.66,4
3144,2026-09-16 14:09:00,Completed,11.08,1
3145,2026-09-16 10:34:00,Completed,34.66,2
3146,2026-09-16 17:39:00,Completed,15.12,5
3147,2026-09-16 19:48:00,Completed,18.15,2
3148,2026-09-16 19:31:00,Completed,31.84,1
3149,2026-09-16 13:46:00,Completed,5.39,2
3150,2026-09-16 20:19:00,Completed,26.41,3
3151,2026-09-16 10:51:00,Completed,24.84,2
3152,2026-09-16 16:27:00,Completed,23.94,1
3153,2026-09-16 21:25:00,Completed,20.24,5
3154,2026-09-16 14:13:00,Completed,5.82,4
3155,2026-09-16 21:37:00,Completed,17.81,4
3156,2026-09-16 16:54:00,Completed,15.97,2
3157,2026-09-16 12:43:00,Completed,26.62,2
3158,2026-09-16 20:41:00,Completed,10.06,5
3159,2026-09-16 10:53:00,Completed,23.83,4
3160,2026-09-16 10:54:00,Completed,19.41,1
3161,2026-09-16 21:24:00,Completed,27.75,2
3162,2026-09-16 11:44:00,Completed,10.12,3
3163,2026-09-16 15:42:00,Completed,25.38,1
3164,2026-09-16 13:41:00,Completed,13.64,4
3165,2026-09-16 18:23:00,Completed,20.1,3
3166,2026-09-16 11:24:00,Completed,17.52,2
3167,2026-09-16 11:20:00,Completed,8.05,1
3168,2026-09-16 12:28:00,Completed,17.08,2
3169,2026-09-16 18:33:00,Completed,12.32,5
3170,2026-09-16 13:33:00,Completed,27.54,1
3171,2026-09-16 14:45:00,Completed,27.35,2
3172,2026-09-16 18:41:00,Completed,31.55,2
3173,2026-09-16 13:04:00,Completed,31.95,4
3174,2026-09-16 13:38:00,Completed,16.84,4
3175,2026-09-16 11:18:00,Completed,12.8,5
3176,2026-09-16 20:47:00,Completed,6.68,2
3177,2026-09-16 13:29:00,Completed,23.73,1
3178,2026-09-16 14:56:00,Completed,18.0,5
3179,2026-09-16 11:53:00,Completed,34.69,1
3180,2026-09-16 20:39:00,Completed,22.77,2
3181,2026-09-16 18:31:00,Completed,19.28,1
3182,2026-09-16 21:47:00,Completed,32.3,4
3183,2026-09-16 19:47:00,Completed,17.72,4
3184,2026-09-16 11:35:00,Completed,33.67,4
3185,2026-09-16 16:50:00,Completed,19.94,3
3186,2026-09-16 10:19:00,Completed,25.49,5
3187,2026-09-16 12:45:00,Completed,11.75,4
3188,2026-09-16 17:29:00,Completed,27.45,3
3189,2026-09-16 19:33:00,Completed,26.71,3
3190,2026-09-16 13:30:00,Completed,31.02,5
3191,2026-09-16 12:55:00,Completed,9.04,1
3192,2026-09-16 20:52:00,Completed,30.63,3
3193,2026-09-17 17:17:00,Completed,30.17,2
3194,2026-09-17 14:02:00,Completed,8.91,2
3195,2026-09-17 13:14:00,Completed,18.36,2
3196,2026-09-17 20:48:00,Completed,7.72,3
3197,2026-09-17 13:54:00,Completed,14.8,4
3198,2026-09-17 13:08:00,Completed,24.51,4
3199,2026-09-17 16:12:00,Completed,16.55,3
3200,2026-09-17 13:44:00,Completed,13.62,2
3201,2026-09-17 20:35:00,Completed,14.76,2
3202,2026-09-17 21:12:00,Completed,20.65,2
3203,2026-09-17 14:56:00,Completed,10.04,4
3204,2026-09-17 14:35:00,Completed,5.07,2
3205,2026-09-17 12:12:00,Completed,34.68,2
3206,2026-09-17 12:34:00,Completed,26.3,4
3207,2026-09-17 14:42:00,Completed,23.66,1
3208,2026-09-17 17:12:00,Completed,11.33,5
3209,2026-09-17 18:32:00,Completed,24.19,4
3210,2026-09-17 20:26:00,Completed,7.81,5
3211,2026-09-17 17:45:00,Completed,7.74,2
3212,2026-09-17 16:27:00,Completed,17.37,1
3213,2026-09-17 10:02:00,Completed,20.54,4
3214,2026-09-17 10:20:00,Completed,15.77,4
3215,2026-09-17 12:07:00,Completed,26.48,3
3216,2026-09-17 20:58:00,Completed,12.08,2
3217,2026-09-17 13:28:00,Completed,5.93,5
3218,2026-09-17 19:55:00,Completed,29.5,1
3219,2026-09-17 11:03:00,Completed,5.64,1
3220,2026-09-17 10:27:00,Completed,5.73,5
3221,2026-09-17 12:40:00,Completed,28.35,3
3222,2026-09-17 21:32:00,Completed,29.82,4
3223,2026-09-17 10:24:00,Completed,31.47,4
3224,2026-09-17 16:46:00,Completed,7.08,3
3225,2026-09-17 12:08:00,Completed,27.73,4
3226,2026-09-17 15:36:00,Completed,34.03,1
3227,2026-09-17 12:42:00,Completed,22.42,3
3228,2026-09-17 13:15:00,Completed,16.92,4
3229,2026-09-17 10:32:00,Completed,9.19,4
3230,2026-09-17 11:50:00,Completed,11.85,5
3231,2026-09-17 12:10:00,Completed,29.29,4
3232,2026-09-17 14:01:00,Completed,7.37,3
3233,2026-09-17 16:11:00,Completed,31.28,4
3234,2026-09-17 16:49:00,Completed,12.85,1
3235,2026-09-17 17:03:00,Completed,32.4,4
3236,2026-09-17 10:14:00,Completed,11.07,4
3237,2026-09-17 13:13:00,Completed,26.89,5
3238,2026-09-17 19:12:00,Completed,21.21,3
3239,2026-09-17 19:24:00,Completed,24.47,5
3240,2026-09-17 14:47:00,Completed,22.16,4
3241,2026-09-17 18:19:00,Completed,16.9,5
3242,2026-09-17 19:34:00,Completed,7.43,4
3243,2026-09-17 14:05:00,Completed,6.17,4
3244,2026-09-17 19:35:00,Completed,21.36,5
3245,2026-09-17 10:30:00,Completed,30.43,4
3246,2026-09-17 18:51:00,Completed,18.57,1
3247,2026-09-17 13:28:00,Completed,29.6,4
3248,2026-09-17 16:18:00,Completed,23.07,5
3249,2026-09-17 16:38:00,Completed,10.89,1
3250,2026-09-17 10:12:00,Completed,19.02,3
3251,2026-09-17 12:30:00,Completed,23.95,4
3252,2026-09-17 17:28:00,Completed,19.35,4
3253,2026-09-17 11:40:00,Completed,21.04,5
3254,2026-09-17 16:07:00,Completed,17.42,5
3255,2026-09-17 20:31:00,Completed,28.34,5
3256,2026-09-17 15:57:00,Completed,25.29,2
3257,2026-09-17 15:18:00,Completed,26.07,2
3258,2026-09-17 13:50:00,Completed,13.46,2
3259,2026-09-17 14:33:00,Completed,29.38,2
3260,2026-09-17 15:30:00,Completed,23.83,4
3261,2026-09-17 16:04:00,Completed,15.54,1
3262,2026-09-17 12:17:00,Completed,6.3,5
3263,2026-09-17 20:12:00,Completed,11.21,5
3264,2026-09-17 10:08:00,Completed,10.85,3
3265,2026-09-17 19:31:00,Completed,17.09,1
3266,2026-09-17 21:27:00,Completed,14.35,3
3267,2026-09-17 15:26:00,Completed,21.95,1
3268,2026-09-17 16:07:00,Completed,8.91,1
3269,2026-09-17 17:55:00,Completed,30.12,2
3270,2026-09-17 13:19:00,Completed,21.06,3
3271,2026-09-17 10:19:00,Completed,23.36,3
3272,2026-09-17 14:09:00,Completed,25.45,3
3273,2026-09-17 14:27:00,Completed,26.33,5
3274,2026-09-17 21:25:00,Completed,22.67,1
3275,2026-09-17 16:42:00,Completed,19.17,2
3276,2026-09-17 12:15:00,Completed,14.24,1
3277,2026-09-17 15:53:00,Completed,6.31,3
3278,2026-09-17 18:46:00,Completed,25.14,2
3279,2026-09-17 13:25:00,Completed,5.34,3
3280,2026-09-17 11:23:00,Completed,28.21,4
3281,2026-09-17 13:29:00,Completed,14.12,2
3282,2026-09-17 18:12:00,Completed,20.85,1
3283,2026-09-17 19:22:00,Completed,14.06,4
3284,2026-09-17 20:12:00,Completed,23.61,2
3285,2026-09-17 10:57:00,Completed,11.83,1
3286,2026-09-17 16:29:00,Completed,28.41,3
3287,2026-09-17 10:59:00,Completed,13.63,2
3288,2026-09-17 21:22:00,Completed,33.82,2
3289,2026-09-17 18:40:00,Completed,34.77,2
3290,2026-09-17 16:53:00,Completed,28.8,2
3291,2026-09-17 14:53:00,Completed,8.11,1
3292,2026-09-17 15:20:00,Completed,15.24,3
3293,2026-09-17 20:59:00,Completed,33.65,1
3294,2026-09-17 21:43:00,Completed,25.4,5
3295,2026-09-17 15:20:00,Completed,5.89,1
3296,2026-09-17 21:28:00,Completed,10.24,2
3297,2026-09-17 18:17:00,Completed,14.82,2
3298,2026-09-17 14:52:00,Completed,32.14,2
3299,2026-09-17 18:11:00,Completed,32.31,3
3300,2026-09-17 18:51:00,Completed,29.12,4
3301,2026-09-17 15:54:00,Completed,34.23,5
3302,2026-09-17 15:55:00,Completed,8.54,5
3303,2026-09-17 16:21:00,Completed,8.5,4
3304,2026-09-17 17:06:00,Completed,32.48,4
3305,2026-09-17 19:54:00,Completed,8.85,3
3306,2026-09-17 13:07:00,Completed,23.22,4
3307,2026-09-17 18:54:00,Completed,17.22,4
3308,2026-09-17 16:44:00,Completed,24.47,3
3309,2026-09-17 20:18:00,Completed,21.85,5
3310,2026-09-18 14:17:00,Completed,15.43,3
3311,2026-09-18 17:44:00,Completed,25.33,1
3312,2026-09-18 19:50:00,Completed,32.99,5
3313,2026-09-18 10:11:00,Completed,17.23,1
3314,2026-09-18 16:30:00,Completed,34.04,4
3315,2026-09-18 17:37:00,Completed,30.82,5
3316,2026-09-18 14:17:00,Completed,7.01,3
3317,2026-09-18 15:57:00,Completed,8.69,4
3318,2026-09-18 16:42:00,Completed,16.25,4
3319,2026-09-18 15:47:00,Completed,21.94,3
3320,2026-09-18 12:21:00,Completed,20.76,4
3321,2026-09-18 15:34:00,Completed,19.76,1
3322,2026-09-18 11:45:00,Completed,29.91,4
3323,2026-09-18 20:48:00,Completed,25.95,4
3324,2026-09-18 21:38:00,Completed,12.55,2
3325,2026-09-18 16:34:00,Completed,26.92,3
3326,2026-09-18 17:35:00,Completed,23.21,3
3327,2026-09-18 13:39:00,Completed,8.89,2
3328,2026-09-18 19:18:00,Completed,29.11,1
3329,2026-09-18 18:14:00,Completed,31.74,2
3330,2026-09-18 18:55:00,Completed,11.16,2
3331,2026-09-18 10:57:00,Completed,19.14,5
3332,2026-09-18 14:25:00,Completed,14.45,1
3333,2026-09-18 19:05:00,Completed,22.76,5
3334,2026-09-18 19:24:00,Completed,31.13,1
3335,2026-09-18 19:41:00,Completed,20.86,5
3336,2026-09-18 19:20:00,Completed,10.67,3
3337,2026-09-18 19:23:00,Completed,13.33,5
3338,2026-09-18 17:11:00,Completed,13.85,2
3339,2026-09-18 14:41:00,Completed,14.66,1
3340,2026-09-18 19:09:00,Completed,13.75,2
3341,2026-09-18 14:20:00,Completed,23.03,4
3342,2026-09-18 17:14:00,Completed,20.18,5
3343,2026-09-18 17:40:00,Completed,24.07,4
3344,2026-09-18 12:34:00,Completed,29.08,1
3345,2026-09-18 19:57:00,Completed,11.16,3
3346,2026-09-18 16:41:00,Completed,34.4,1
3347,2026-09-18 20:34:00,Completed,26.33,5
3348,2026-09-18 10:45:00,Completed,30.93,4
3349,2026-09-18 18:47:00,Completed,7.16,1
3350,2026-09-18 11:00:00,Completed,15.65,3
3351,2026-09-18 14:37:00,Completed,21.26,1
3352,2026-09-18 11:34:00,Completed,15.5,1
3353,2026-09-18 20:49:00,Completed,5.1,4
3354,2026-09-18 18:41:00,Completed,25.2,2
3355,2026-09-18 20:43:00,Completed,25.72,3
3356,2026-09-18 17:39:00,Completed,14.36,3
3357,2026-09-18 17:25:00,Completed,7.84,5
3358,2026-09-18 19:14:00,Completed,26.2,1
3359,2026-09-18 11:43:00,Completed,23.29,3
3360,2026-09-18 15:33:00,Completed,13.11,3
3361,2026-09-18 18:01:00,Completed,28.09,3
3362,2026-09-18 15:24:00,Completed,23.14,4
3363,2026-09-18 16:32:00,Completed,33.82,1
3364,2026-09-18 15:53:00,Completed,33.93,5
3365,2026-09-18 11:52:00,Completed,9.52,3
3366,2026-09-18 20:52:00,Completed,17.6,5
3367,2026-09-18 11:27:00,Completed,34.91,4
3368,2026-09-18 19:55:00,Completed,10.11,3
3369,2026-09-18 15:55:00,Completed,22.62,3
3370,2026-09-18 16:54:00,Completed,12.85,5
3371,2026-09-18 15:45:00,Completed,9.84,4
3372,2026-09-18 19:04:00,Completed,15.35,1
3373,2026-09-18 11:08:00,Completed,19.29,2
3374,2026-09-18 10:48:00,Completed,5.87,3
3375,2026-09-18 12:29:00,Completed,17.97,4
3376,2026-09-18 14:25:00,Completed,8.88,5
3377,2026-09-18 15:12:00,Completed,15.46,1
3378,2026-09-18 15:40:00,Completed,28.25,5
3379,2026-09-18 21:47:00,Completed,12.83,1
3380,2026-09-18 12:52:00,Completed,20.09,3
3381,2026-09-18 14:23:00,Completed,22.92,2
3382,2026-09-18 15:37:00,Completed,26.56,2
3383,2026-09-18 18:35:00,Completed,26.25,1
3384,2026-09-18 17:30:00,Completed,24.76,1
3385,2026-09-18 13:39:00,Completed,14.34,2
3386,2026-09-18 16:21:00,Completed,6.07,1
3387,2026-09-18 19:08:00,Completed,17.51,1
3388,2026-09-18 16:57:00,Completed,10.16,2
3389,2026-09-18 19:29:00,Completed,17.86,1
3390,2026-09-18 13:55:00,Completed,5.41,3
3391,2026-09-18 16:07:00,Completed,30.64,3
3392,2026-09-18 19:45:00,Completed,32.14,5
3393,2026-09-18 21:17:00,Completed,11.39,3
3394,2026-09-18 17:57:00,Completed,13.69,2
3395,2026-09-18 12:19:00,Completed,12.18,1
3396,2026-09-18 21:22:00,Completed,7.14,1
3397,2026-09-18 19:13:00,Completed,6.84,5
3398,2026-09-18 15:54:00,Completed,19.1,3
3399,2026-09-18 21:30:00,Completed,25.01,1
3400,2026-09-18 21:11:00,Completed,5.19,4
3401,2026-09-18 21:03:00,Completed,13.21,2
3402,2026-09-18 15:56:00,Completed,22.8,5
3403,2026-09-18 16:50:00,Completed,24.45,3
3404,2026-09-18 19:49:00,Completed,33.49,2
3405,2026-09-18 19:06:00,Completed,13.06,4
3406,2026-09-18 21:24:00,Completed,16.46,1
3407,2026-09-18 15:11:00,Completed,29.65,4
3408,2026-09-18 18:04:00,Completed,17.31,5
3409,2026-09-18 13:22:00,Completed,7.87,4
3410,2026-09-18 21:48:00,Completed,34.19,2
3411,2026-09-18 12:25:00,Completed,5.35,4
3412,2026-09-18 19:40:00,Completed,6.4,1
3413,2026-09-18 20:35:00,Completed,25.21,3
3414,2026-09-18 16:48:00,Completed,7.56,5
3415,2026-09-18 13:51:00,Completed,10.5,4
3416,2026-09-18 19:19:00,Completed,9.94,1
3417,2026-09-18 15:34:00,Completed,19.01,5
3418,2026-09-18 16:59:00,Completed,30.24,1
3419,2026-09-18 18:02:00,Completed,5.86,2
3420,2026-09-18 20:11:00,Completed,6.68,4
3421,2026-09-18 18:38:00,Completed,23.61,5
3422,2026-09-18 15:25:00,Completed,15.05,1
3423,2026-09-18 10:42:00,Completed,33.06,2
3424,2026-09-18 15:11:00,Completed,8.79,5
3425,2026-09-18 15:08:00,Completed,16.21,3
3426,2026-09-18 20:34:00,Completed,13.39,1
3427,2026-09-18 15:56:00,Completed,25.33,5
3428,2026-09-18 17:19:00,Completed,6.49,4
3429,2026-09-18 12:26:00,Completed,5.73,1
3430,2026-09-18 17:16:00,Completed,27.26,4
3431,2026-09-18 19:43:00,Completed,13.94,4
3432,2026-09-18 18:02:00,Completed,20.5,1
3433,2026-09-18 21:28:00,Completed,6.19,4
3434,2026-09-18 13:39:00,Completed,30.62,2
3435,2026-09-18 17:42:00,Completed,24.02,1
3436,2026-09-18 13:25:00,Completed,22.87,4
3437,2026-09-18 21:13:00,Completed,16.81,2
3438,2026-09-19 17:23:00,Completed,25.57,2
3439,2026-09-19 14:32:00,Completed,14.58,3
3440,2026-09-19 14:05:00,Completed,12.07,1
3441,2026-09-19 17:15:00,Completed,5.97,5
3442,2026-09-19 11:04:00,Completed,22.6,4
3443,2026-09-19 19:24:00,Completed,20.74,2
3444,2026-09-19 17:56:00,Completed,31.59,4
3445,2026-09-19 15:11:00,Completed,19.12,5
3446,2026-09-19 14:50:00,Completed,26.1,5
3447,2026-09-19 12:17:00,Completed,29.8,4
3448,2026-09-19 20:39:00,Completed,33.69,4
3449,2026-09-19 21:53:00,Completed,13.52,1
3450,2026-09-19 20:42:00,Completed,14.02,2
3451,2026-09-19 18:38:00,Completed,17.5,3
3452,2026-09-19 11:52:00,Completed,34.8,4
3453,2026-09-19 19:05:00,Completed,27.72,5
3454,2026-09-19 10:41:00,Completed,14.63,5
3455,2026-09-19 17:14:00,Completed,5.96,3
3456,2026-09-19 20:12:00,Completed,7.58,4
3457,2026-09-19 16:38:00,Completed,22.7,1
3458,2026-09-19 15:40:00,Completed,10.22,5
3459,2026-09-19 10:16:00,Completed,16.87,2
3460,2026-09-19 20:38:00,Completed,5.08,4
3461,2026-09-19 15:25:00,Completed,18.59,1
3462,2026-09-19 15:58:00,Completed,6.42,3
3463,2026-09-19 11:39:00,Completed,7.94,1
3464,2026-09-19 19:38:00,Completed,26.38,1
3465,2026-09-19 16:30:00,Completed,33.68,4
3466,2026-09-19 10:13:00,Completed,14.0,4
3467,2026-09-19 19:14:00,Completed,28.72,4
3468,2026-09-19 14:42:00,Completed,33.9,3
3469,2026-09-19 10:53:00,Completed,20.18,5
3470,2026-09-19 21:06:00,Completed,17.88,5
3471,2026-09-19 17:15:00,Completed,28.57,1
3472,2026-09-19 18:05:00,Completed,17.17,3
3473,2026-09-19 10:04:00,Completed,5.1,1
3474,2026-09-19 15:09:00,Completed,18.84,3
3475,2026-09-19 10:05:00,Completed,5.99,5
3476,2026-09-19 17:25:00,Completed,22.2,4
3477,2026-09-19 12:31:00,Completed,6.74,1
3478,2026-09-19 17:28:00,Completed,28.13,5
3479,2026-09-19 20:13:00,Completed,22.74,2
3480,2026-09-19 14:48:00,Completed,8.58,3
3481,2026-09-19 21:50:00,Completed,5.8,1
3482,2026-09-19 16:59:00,Completed,13.67,4
3483,2026-09-19 10:20:00,Completed,17.05,2
3484,2026-09-19 12:11:00,Completed,30.15,5
3485,2026-09-19 15:26:00,Completed,31.54,4
3486,2026-09-19 19:43:00,Completed,23.17,2
3487,2026-09-19 17:23:00,Completed,5.63,4
3488,2026-09-19 21:23:00,Completed,19.97,4
3489,2026-09-19 20:39:00,Completed,30.15,4
3490,2026-09-19 15:15:00,Completed,7.59,1
3491,2026-09-19 16:38:00,Completed,9.27,1
3492,2026-09-19 21:47:00,Completed,17.67,1
3493,2026-09-19 10:16:00,Completed,9.47,1
3494,2026-09-19 14:06:00,Completed,31.02,2
3495,2026-09-19 12:16:00,Completed,26.5,3
3496,2026-09-19 10:55:00,Completed,6.42,3
3497,2026-09-19 20:20:00,Completed,15.26,1
3498,2026-09-19 14:53:00,Completed,33.86,3
3499,2026-09-19 11:52:00,Completed,6.81,1
3500,2026-09-19 19:12:00,Completed,16.91,1
3501,2026-09-19 10:50:00,Completed,8.02,5
3502,2026-09-19 12:16:00,Completed,26.66,4
3503,2026-09-19 16:05:00,Completed,8.56,3
3504,2026-09-19 15:52:00,Completed,16.82,1
3505,2026-09-19 11:41:00,Completed,32.53,4
3506,2026-09-19 17:56:00,Completed,19.0,3
3507,2026-09-19 14:01:00,Completed,8.39,4
3508,2026-09-19 16:03:00,Completed,30.88,2
3509,2026-09-19 11:23:00,Completed,28.29,2
3510,2026-09-19 14:23:00,Completed,32.92,4
3511,2026-09-19 21:42:00,Completed,21.39,4
3512,2026-09-19 21:22:00,Completed,10.12,3
3513,2026-09-19 11:15:00,Completed,8.5,1
3514,2026-09-19 19:40:00,Completed,9.92,4
3515,2026-09-19 20:47:00,Completed,32.5,2
3516,2026-09-19 14:09:00,Completed,29.54,3
3517,2026-09-19 15:05:00,Completed,25.35,1
3518,2026-09-19 20:42:00,Completed,5.54,4
3519,2026-09-19 14:28:00,Completed,31.09,4
3520,2026-09-19 10:45:00,Completed,21.36,4
3521,2026-09-19 12:30:00,Completed,21.8,5
3522,2026-09-19 21:58:00,Completed,15.49,4
3523,2026-09-19 20:07:00,Completed,23.71,2
3524,2026-09-19 15:06:00,Completed,32.07,1
3525,2026-09-19 16:59:00,Completed,21.33,3
3526,2026-09-19 20:49:00,Completed,10.6,2
3527,2026-09-19 15:31:00,Completed,6.78,2
3528,2026-09-20 21:44:00,Completed,34.17,1
3529,2026-09-20 15:06:00,Completed,22.43,4
3530,2026-09-20 20:54:00,Completed,8.12,3
3531,2026-09-20 17:49:00,Completed,24.11,5
3532,2026-09-20 11:12:00,Completed,11.32,3
3533,2026-09-20 15:27:00,Completed,29.82,3
3534,2026-09-20 18:43:00,Completed,24.33,2
3535,2026-09-20 12:34:00,Completed,10.67,3
3536,2026-09-20 21:42:00,Completed,16.25,5
3537,2026-09-20 17:57:00,Completed,28.44,2
3538,2026-09-20 12:33:00,Completed,24.52,3
3539,2026-09-20 13:42:00,Completed,30.1,4
3540,2026-09-20 17:15:00,Completed,6.96,4
3541,2026-09-20 21:17:00,Completed,31.16,2
3542,2026-09-20 19:45:00,Completed,22.45,3
3543,2026-09-20 15:30:00,Completed,15.97,3
3544,2026-09-20 10:24:00,Completed,13.36,5
3545,2026-09-20 10:18:00,Completed,8.93,1
3546,2026-09-20 21:17:00,Completed,34.97,3
3547,2026-09-20 21:02:00,Completed,18.03,2
3548,2026-09-20 19:45:00,Completed,29.65,4
3549,2026-09-20 20:12:00,Completed,16.59,2
3550,2026-09-20 21:31:00,Completed,33.68,5
3551,2026-09-20 11:40:00,Completed,25.95,1
3552,2026-09-20 19:49:00,Completed,14.64,5
3553,2026-09-20 11:53:00,Completed,6.13,3
3554,2026-09-20 19:31:00,Completed,19.15,5
3555,2026-09-20 18:03:00,Completed,22.03,5
3556,2026-09-20 13:32:00,Completed,34.1,5
3557,2026-09-20 21:24:00,Completed,8.48,1
3558,2026-09-20 17:47:00,Completed,28.55,4
3559,2026-09-20 17:56:00,Completed,29.36,3
3560,2026-09-20 18:15:00,Completed,10.49,4
3561,2026-09-20 17:04:00,Completed,22.97,2
3562,2026-09-20 17:14:00,Completed,31.47,2
3563,2026-09-20 17:09:00,Completed,12.64,3
3564,2026-09-20 18:05:00,Completed,29.35,3
3565,2026-09-20 12:24:00,Completed,13.75,2
3566,2026-09-20 11:58:00,Completed,5.7,3
3567,2026-09-20 11:14:00,Completed,5.73,3
3568,2026-09-20 13:56:00,Completed,28.1,4
3569,2026-09-20 17:34:00,Completed,5.12,4
3570,2026-09-20 19:39:00,Completed,26.38,5
3571,2026-09-20 16:02:00,Completed,26.27,2
3572,2026-09-20 17:05:00,Completed,33.57,1
3573,2026-09-20 19:01:00,Completed,10.22,3
3574,2026-09-20 14:48:00,Completed,33.25,4
3575,2026-09-20 18:55:00,Completed,16.66,2
3576,2026-09-20 21:13:00,Completed,34.31,4
3577,2026-09-20 20:29:00,Completed,12.99,4
3578,2026-09-20 18:18:00,Completed,22.49,2
3579,2026-09-20 15:39:00,Completed,11.67,5
3580,2026-09-20 13:57:00,Completed,24.93,4
3581,2026-09-20 21:19:00,Completed,9.05,5
3582,2026-09-20 16:03:00,Completed,26.51,3
3583,2026-09-20 14:15:00,Completed,34.89,2
3584,2026-09-20 13:50:00,Completed,21.85,4
3585,2026-09-20 14:56:00,Completed,25.54,4
3586,2026-09-20 17:32:00,Completed,6.9,2
3587,2026-09-20 20:35:00,Completed,12.98,2
3588,2026-09-20 17:53:00,Completed,20.09,1
3589,2026-09-20 20:33:00,Completed,30.85,4
3590,2026-09-20 19:12:00,Completed,34.43,4
3591,2026-09-20 17:55:00,Completed,19.21,4
3592,2026-09-20 18:01:00,Completed,27.45,5
3593,2026-09-20 16:50:00,Completed,32.29,1
3594,2026-09-20 21:07:00,Completed,34.36,4
3595,2026-09-20 21:05:00,Completed,5.72,1
3596,2026-09-20 11:53:00,Completed,25.33,2
3597,2026-09-20 18:38:00,Completed,26.02,3
3598,2026-09-20 15:57:00,Completed,30.97,3
3599,2026-09-20 12:43:00,Completed,32.1,2
3600,2026-09-20 21:46:00,Completed,32.32,3
3601,2026-09-20 13:23:00,Completed,7.91,5
3602,2026-09-20 18:49:00,Completed,16.86,3
3603,2026-09-20 20:53:00,Completed,23.2,1
3604,2026-09-20 20:05:00,Completed,34.85,4
3605,2026-09-20 21:00:00,Completed,21.29,3
3606,2026-09-20 21:47:00,Completed,11.43,4
3607,2026-09-20 20:39:00,Completed,20.12,5
3608,2026-09-20 12:37:00,Completed,6.3,5
3609,2026-09-20 20:25:00,Completed,27.67,2
3610,2026-09-20 10:45:00,Completed,30.2,5
3611,2026-09-20 14:13:00,Completed,13.97,2
3612,2026-09-20 17:55:00,Completed,26.38,2
3613,2026-09-20 18:21:00,Completed,31.02,4
3614,2026-09-20 12:57:00,Completed,23.67,5
3615,2026-09-20 19:01:00,Completed,10.67,5
3616,2026-09-20 11:01:00,Completed,5.01,4
3617,2026-09-20 19:06:00,Completed,20.09,4
3618,2026-09-20 11:24:00,Completed,26.08,4
3619,2026-09-20 17:07:00,Completed,23.82,4
3620,2026-09-20 10:01:00,Completed,12.95,3
3621,2026-09-20 15:13:00,Completed,27.35,5
3622,2026-09-20 11:00:00,Completed,13.31,4
3623,2026-09-20 20:27:00,Completed,25.45,4
3624,2026-09-20 14:02:00,Completed,11.87,5
3625,2026-09-20 15:13:00,Completed,24.45,4
3626,2026-09-20 15:51:00,Completed,8.33,1
3627,2026-09-20 10:37:00,Completed,7.16,3
3628,2026-09-20 11:05:00,Completed,20.17,5
3629,2026-09-21 14:48:00,Completed,32.11,2
3630,2026-09-21 11:26:00,Completed,22.18,1
3631,2026-09-21 10:04:00,Completed,34.16,2
3632,2026-09-21 13:21:00,Completed,11.34,4
3633,2026-09-21 21:33:00,Completed,15.47,3
3634,2026-09-21 19:24:00,Completed,26.69,1
3635,2026-09-21 15:10:00,Completed,5.25,5
3636,2026-09-21 12:13:00,Completed,27.84,3
3637,2026-09-21 16:21:00,Completed,12.45,2
3638,2026-09-21 11:25:00,Completed,7.05,1
3639,2026-09-21 10:58:00,Completed,12.72,2
3640,2026-09-21 10:41:00,Completed,24.41,4
3641,2026-09-21 11:16:00,Completed,24.22,2
3642,2026-09-21 15:52:00,Completed,12.37,4
3643,2026-09-21 17:07:00,Completed,15.53,2
3644,2026-09-21 19:55:00,Completed,15.1,3
3645,2026-09-21 19:44:00,Completed,6.77,4
3646,2026-09-21 17:04:00,Completed,34.61,2
3647,2026-09-21 18:27:00,Completed,16.82,1
3648,2026-09-21 19:53:00,Completed,13.51,1
3649,2026-09-21 17:50:00,Completed,14.31,2
3650,2026-09-21 18:58:00,Completed,21.61,5
3651,2026-09-21 20:27:00,Completed,14.73,5
3652,2026-09-21 21:15:00,Completed,14.34,1
3653,2026-09-21 12:35:00,Completed,21.31,5
3654,2026-09-21 20:24:00,Completed,19.38,5
3655,2026-09-21 14:48:00,Completed,5.11,3
3656,2026-09-21 17:30:00,Completed,8.3,2
3657,2026-09-21 18:56:00,Completed,31.43,4
3658,2026-09-21 13:46:00,Completed,25.97,2
3659,2026-09-21 17:33:00,Completed,16.27,1
3660,2026-09-21 12:58:00,Completed,11.09,1
3661,2026-09-21 13:02:00,Completed,5.47,5
3662,2026-09-21 15:19:00,Completed,20.19,3
3663,2026-09-21 13:17:00,Completed,17.27,3
3664,2026-09-21 16:08:00,Completed,8.77,3
3665,2026-09-21 17:25:00,Completed,27.65,3
3666,2026-09-21 17:32:00,Completed,26.39,2
3667,2026-09-21 11:26:00,Completed,27.23,5
3668,2026-09-21 14:04:00,Completed,34.07,1
3669,2026-09-21 20:49:00,Completed,5.17,1
3670,2026-09-21 16:34:00,Completed,16.24,5
3671,2026-09-21 20:24:00,Completed,8.21,2
3672,2026-09-21 12:29:00,Completed,30.31,3
3673,2026-09-21 19:13:00,Completed,32.43,3
3674,2026-09-21 14:40:00,Completed,25.68,2
3675,2026-09-21 20:07:00,Completed,31.13,5
3676,2026-09-21 17:23:00,Completed,24.83,5
3677,2026-09-21 17:47:00,Completed,6.92,4
3678,2026-09-21 15:29:00,Completed,10.99,5
3679,2026-09-21 10:29:00,Completed,32.84,2
3680,2026-09-21 17:30:00,Completed,33.44,1
3681,2026-09-21 19:53:00,Completed,8.36,1
3682,2026-09-21 16:06:00,Completed,15.93,4
3683,2026-09-21 12:41:00,Completed,6.49,1
3684,2026-09-21 13:24:00,Completed,16.09,2
3685,2026-09-21 14:34:00,Completed,8.86,1
3686,2026-09-21 15:40:00,Completed,28.41,5
3687,2026-09-21 18:08:00,Completed,23.14,1
3688,2026-09-21 17:40:00,Completed,33.59,2
3689,2026-09-21 13:09:00,Completed,11.78,2
3690,2026-09-21 20:38:00,Completed,13.16,2
3691,2026-09-21 18:09:00,Completed,27.3,5
3692,2026-09-21 19:03:00,Completed,15.73,2
3693,2026-09-21 21:12:00,Completed,33.23,4
3694,2026-09-21 10:10:00,Completed,14.61,3
3695,2026-09-21 11:14:00,Completed,16.53,4
3696,2026-09-21 10:38:00,Completed,25.4,5
3697,2026-09-21 16:05:00,Completed,24.2,5
3698,2026-09-21 16:06:00,Completed,29.76,2
3699,2026-09-21 14:01:00,Completed,8.86,5
3700,2026-09-21 12:08:00,Completed,21.99,4
3701,2026-09-21 19:09:00,Completed,8.52,1
3702,2026-09-21 14:58:00,Completed,34.52,3
3703,2026-09-21 19:04:00,Completed,17.64,5
3704,2026-09-21 12:09:00,Completed,21.86,4
3705,2026-09-21 10:41:00,Completed,26.95,2
3706,2026-09-21 17:21:00,Completed,13.4,3
3707,2026-09-21 11:28:00,Completed,25.71,4
3708,2026-09-21 12:32:00,Completed,30.25,3
3709,2026-09-21 11:19:00,Completed,10.11,5
3710,2026-09-21 14:02:00,Completed,15.97,2
3711,2026-09-21 10:42:00,Completed,19.48,2
3712,2026-09-21 14:05:00,Completed,32.63,5
3713,2026-09-21 21:45:00,Completed,18.5,4
3714,2026-09-21 17:37:00,Completed,34.07,5
3715,2026-09-21 14:48:00,Completed,12.24,4
3716,2026-09-21 15:48:00,Completed,30.97,4
3717,2026-09-21 21:12:00,Completed,12.96,4
3718,2026-09-21 20:23:00,Completed,32.56,3
3719,2026-09-21 16:30:00,Completed,24.88,1
3720,2026-09-21 17:24:00,Completed,10.21,3
3721,2026-09-21 15:25:00,Completed,16.94,2
3722,2026-09-21 21:47:00,Completed,16.48,2
3723,2026-09-21 16:22:00,Completed,22.89,2
3724,2026-09-21 15:24:00,Completed,29.35,3
3725,2026-09-21 14:30:00,Completed,5.61,3
3726,2026-09-21 13:41:00,Completed,33.38,3
3727,2026-09-21 13:49:00,Completed,30.99,4
3728,2026-09-21 16:57:00,Completed,12.68,3
3729,2026-09-21 11:33:00,Completed,21.38,3
3730,2026-09-21 19:58:00,Completed,17.0,5
3731,2026-09-21 21:07:00,Completed,14.15,3
3732,2026-09-21 16:53:00,Completed,31.22,1
3733,2026-09-21 11:10:00,Completed,14.54,5
3734,2026-09-21 19:58:00,Completed,10.0,2
3735,2026-09-21 15:23:00,Completed,25.35,3
3736,2026-09-22 20:47:00,Completed,23.39,5
3737,2026-09-22 17:11:00,Completed,11.13,5
3738,2026-09-22 17:42:00,Completed,29.45,3
3739,2026-09-22 13:27:00,Completed,25.08,2
3740,2026-09-22 14:40:00,Completed,21.22,5
3741,2026-09-22 18:54:00,Completed,23.64,3
3742,2026-09-22 21:13:00,Completed,5.16,4
3743,2026-09-22 16:27:00,Completed,23.55,4
3744,2026-09-22 21:52:00,Completed,24.76,1
3745,2026-09-22 19:17:00,Completed,22.54,5
3746,2026-09-22 15:40:00,Completed,31.72,5
3747,2026-09-22 15:55:00,Completed,28.51,2
3748,2026-09-22 11:00:00,Completed,19.98,3
3749,2026-09-22 11:36:00,Completed,29.26,4
3750,2026-09-22 16:03:00,Completed,14.7,3
3751,2026-09-22 17:09:00,Completed,10.59,1
3752,2026-09-22 11:17:00,Completed,30.27,5
3753,2026-09-22 13:23:00,Completed,17.09,3
3754,2026-09-22 14:27:00,Completed,6.54,2
3755,2026-09-22 16:11:00,Completed,15.61,3
3756,2026-09-22 19:09:00,Completed,5.18,2
3757,2026-09-22 20:19:00,Completed,11.96,2
3758,2026-09-22 18:39:00,Completed,22.7,5
3759,2026-09-22 13:26:00,Completed,32.59,3
3760,2026-09-22 19:17:00,Completed,24.43,2
3761,2026-09-22 21:19:00,Completed,15.3,3
3762,2026-09-22 15:17:00,Completed,17.92,1
3763,2026-09-22 10:13:00,Completed,15.09,4
3764,2026-09-22 12:07:00,Completed,30.6,4
3765,2026-09-22 19:31:00,Completed,23.83,2
3766,2026-09-22 14:46:00,Completed,7.36,5
3767,2026-09-22 13:08:00,Completed,15.81,5
3768,2026-09-22 13:25:00,Completed,33.32,5
3769,2026-09-22 13:35:00,Completed,13.48,5
3770,2026-09-22 12:34:00,Completed,12.75,4
3771,2026-09-22 17:33:00,Completed,19.83,5
3772,2026-09-22 12:39:00,Completed,23.85,1
3773,2026-09-22 15:09:00,Completed,10.29,1
3774,2026-09-22 16:31:00,Completed,9.72,5
3775,2026-09-22 20:22:00,Completed,29.03,3
3776,2026-09-22 11:23:00,Completed,12.39,2
3777,2026-09-22 16:37:00,Completed,17.81,5
3778,2026-09-22 16:03:00,Completed,13.38,3
3779,2026-09-22 10:52:00,Completed,20.63,5
3780,2026-09-22 10:17:00,Completed,19.87,1
3781,2026-09-22 20:16:00,Completed,24.96,3
3782,2026-09-22 12:20:00,Completed,23.33,5
3783,2026-09-22 16:09:00,Completed,26.73,2
3784,2026-09-22 16:20:00,Completed,14.12,1
3785,2026-09-22 17:21:00,Completed,6.45,1
3786,2026-09-22 14:37:00,Completed,11.32,3
3787,2026-09-22 21:37:00,Completed,34.16,2
3788,2026-09-22 11:39:00,Completed,27.44,1
3789,2026-09-22 11:06:00,Completed,12.92,1
3790,2026-09-22 16:26:00,Completed,25.08,5
3791,2026-09-22 13:01:00,Completed,31.53,5
3792,2026-09-22 13:48:00,Completed,9.01,1
3793,2026-09-22 19:25:00,Completed,28.03,5
3794,2026-09-22 14:37:00,Completed,32.24,5
3795,2026-09-22 15:35:00,Completed,15.61,4
3796,2026-09-22 19:18:00,Completed,25.84,3
3797,2026-09-22 14:14:00,Completed,29.03,1
3798,2026-09-22 18:29:00,Completed,14.62,4
3799,2026-09-22 18:46:00,Completed,17.94,2
3800,2026-09-22 16:26:00,Completed,20.94,1
3801,2026-09-22 14:49:00,Completed,14.6,4
3802,2026-09-22 10:11:00,Completed,22.43,5
3803,2026-09-22 20:38:00,Completed,20.6,4
3804,2026-09-22 17:16:00,Completed,22.81,3
3805,2026-09-22 18:20:00,Completed,18.41,2
3806,2026-09-22 21:25:00,Completed,7.35,5
3807,2026-09-22 20:44:00,Completed,29.72,1
3808,2026-09-22 11:04:00,Completed,10.92,2
3809,2026-09-22 14:57:00,Completed,22.43,1
3810,2026-09-22 12:41:00,Completed,9.59,4
3811,2026-09-22 10:09:00,Completed,6.98,1
3812,2026-09-22 19:31:00,Completed,11.44,3
3813,2026-09-22 21:29:00,Completed,25.77,2
3814,2026-09-22 20:31:00,Completed,18.78,2
3815,2026-09-22 13:39:00,Completed,8.66,5
3816,2026-09-22 14:21:00,Completed,33.61,5
3817,2026-09-22 10:56:00,Completed,6.75,1
3818,2026-09-22 10:10:00,Completed,32.52,5
3819,2026-09-22 21:23:00,Completed,23.85,2
3820,2026-09-22 18:04:00,Completed,5.2,5
3821,2026-09-22 17:12:00,Completed,12.71,5
3822,2026-09-22 17:26:00,Completed,15.11,5
3823,2026-09-22 11:58:00,Completed,12.45,5
3824,2026-09-22 19:21:00,Completed,32.38,5
3825,2026-09-22 18:33:00,Completed,11.73,4
3826,2026-09-22 15:13:00,Completed,32.2,2
3827,2026-09-22 17:47:00,Completed,6.59,2
3828,2026-09-22 20:11:00,Completed,6.78,5
3829,2026-09-22 20:35:00,Completed,5.37,3
3830,2026-09-22 18:50:00,Completed,15.26,2
3831,2026-09-22 11:32:00,Completed,16.44,1
3832,2026-09-22 11:39:00,Completed,15.58,2
3833,2026-09-22 16:35:00,Completed,17.73,2
3834,2026-09-22 11:46:00,Completed,5.61,4
3835,2026-09-22 10:59:00,Completed,27.91,1
3836,2026-09-22 17:00:00,Completed,25.51,4
3837,2026-09-22 18:29:00,Completed,11.92,5
3838,2026-09-22 10:55:00,Completed,5.37,3
3839,2026-09-22 13:56:00,Completed,30.52,4
3840,2026-09-22 12:27:00,Completed,22.61,5
3841,2026-09-22 17:45:00,Completed,16.39,2
3842,2026-09-22 11:10:00,Completed,32.57,2
3843,2026-09-22 13:02:00,Completed,18.2,5
3844,2026-09-22 11:12:00,Completed,10.59,1
3845,2026-09-22 13:58:00,Completed,23.15,1
3846,2026-09-22 16:33:00,Completed,11.57,4
3847,2026-09-22 10:55:00,Completed,29.48,2
3848,2026-09-22 10:04:00,Completed,31.43,1
3849,2026-09-22 19:18:00,Completed,32.35,4
3850,2026-09-22 13:04:00,Completed,13.8,3
3851,2026-09-22 10:21:00,Completed,8.95,5
3852,2026-09-22 13:35:00,Completed,15.2,4
3853,2026-09-22 15:19:00,Completed,22.14,2
3854,2026-09-22 13:31:00,Completed,26.76,3
3855,2026-09-23 11:44:00,Completed,5.31,1
3856,2026-09-23 17:51:00,Completed,13.67,2
3857,2026-09-23 13:29:00,Completed,16.44,3
3858,2026-09-23 20:00:00,Completed,27.54,5
3859,2026-09-23 18:34:00,Completed,10.69,1
3860,2026-09-23 14:47:00,Completed,11.83,4
3861,2026-09-23 18:30:00,Completed,16.74,4
3862,2026-09-23 18:52:00,Completed,9.3,2
3863,2026-09-23 17:13:00,Completed,14.13,1
3864,2026-09-23 19:51:00,Completed,20.77,2
3865,2026-09-23 16:00:00,Completed,33.41,4
3866,2026-09-23 17:30:00,Completed,6.18,2
3867,2026-09-23 14:51:00,Completed,30.43,5
3868,2026-09-23 17:24:00,Completed,13.12,3
3869,2026-09-23 18:41:00,Completed,17.35,3
3870,2026-09-23 21:57:00,Completed,15.81,2
3871,2026-09-23 18:32:00,Completed,17.47,3
3872,2026-09-23 14:27:00,Completed,29.48,2
3873,2026-09-23 10:06:00,Completed,28.88,4
3874,2026-09-23 10:58:00,Completed,8.97,4
3875,2026-09-23 19:58:00,Completed,20.59,4
3876,2026-09-23 17:07:00,Completed,32.06,4
3877,2026-09-23 11:03:00,Completed,22.63,1
3878,2026-09-23 17:10:00,Completed,23.69,5
3879,2026-09-23 11:01:00,Completed,16.74,2
3880,2026-09-23 21:21:00,Completed,19.18,4
3881,2026-09-23 21:30:00,Completed,22.05,4
3882,2026-09-23 18:14:00,Completed,32.36,1
3883,2026-09-23 18:48:00,Completed,22.12,3
3884,2026-09-23 15:31:00,Completed,12.37,1
3885,2026-09-23 14:35:00,Completed,10.95,3
3886,2026-09-23 13:00:00,Completed,21.96,4
3887,2026-09-23 19:21:00,Completed,34.91,3
3888,2026-09-23 15:37:00,Completed,27.03,5
3889,2026-09-23 12:25:00,Completed,11.29,1
3890,2026-09-23 13:13:00,Completed,6.83,3
3891,2026-09-23 16:19:00,Completed,25.48,4
3892,2026-09-23 20:58:00,Completed,19.83,2
3893,2026-09-23 21:47:00,Completed,10.36,5
3894,2026-09-23 21:48:00,Completed,11.04,2
3895,2026-09-23 19:57:00,Completed,29.57,1
3896,2026-09-23 19:49:00,Completed,21.9,5
3897,2026-09-23 15:08:00,Completed,29.29,4
3898,2026-09-23 19:36:00,Completed,10.37,2
3899,2026-09-23 11:15:00,Completed,23.14,4
3900,2026-09-23 19:51:00,Completed,25.28,2
3901,2026-09-23 20:39:00,Completed,7.41,3
3902,2026-09-23 15:33:00,Completed,29.78,2
3903,2026-09-23 15:04:00,Completed,30.68,2
3904,2026-09-23 14:08:00,Completed,6.0,4
3905,2026-09-23 16:09:00,Completed,10.81,4
3906,2026-09-23 14:50:00,Completed,28.88,1
3907,2026-09-23 12:13:00,Completed,10.03,4
3908,2026-09-23 10:46:00,Completed,27.62,2
3909,2026-09-23 12:00:00,Completed,30.14,4
3910,2026-09-23 12:35:00,Completed,21.98,2
3911,2026-09-23 21:33:00,Completed,12.31,5
3912,2026-09-23 11:04:00,Completed,7.0,3
3913,2026-09-23 13:31:00,Completed,31.55,4
3914,2026-09-23 15:15:00,Completed,10.68,4
3915,2026-09-23 18:27:00,Completed,31.32,3
3916,2026-09-23 19:12:00,Completed,18.63,2
3917,2026-09-23 20:27:00,Completed,9.88,5
3918,2026-09-23 19:02:00,Completed,10.6,2
3919,2026-09-23 19:21:00,Completed,14.22,3
3920,2026-09-23 12:41:00,Completed,5.45,2
3921,2026-09-23 17:12:00,Completed,9.5,1
3922,2026-09-23 18:47:00,Completed,20.7,4
3923,2026-09-23 13:56:00,Completed,19.81,2
3924,2026-09-23 16:58:00,Completed,18.54,3
3925,2026-09-23 20:55:00,Completed,25.61,2
3926,2026-09-23 11:23:00,Completed,30.54,5
3927,2026-09-23 10:00:00,Completed,19.85,1
3928,2026-09-23 21:20:00,Completed,20.6,1
3929,2026-09-23 19:07:00,Completed,25.11,3
3930,2026-09-23 16:26:00,Completed,9.6,5
3931,2026-09-23 14:59:00,Completed,12.19,2
3932,2026-09-23 17:24:00,Completed,26.05,4
3933,2026-09-23 20:27:00,Completed,29.53,4
3934,2026-09-23 16:19:00,Completed,22.79,2
3935,2026-09-23 20:59:00,Completed,34.51,3
3936,2026-09-23 14:41:00,Completed,27.73,3
3937,2026-09-23 10:44:00,Completed,22.47,5
3938,2026-09-23 18:30:00,Completed,19.63,2
3939,2026-09-23 18:15:00,Completed,6.41,1
3940,2026-09-23 12:13:00,Completed,24.64,4
3941,2026-09-23 20:46:00,Completed,33.22,4
3942,2026-09-23 13:28:00,Completed,20.89,2
3943,2026-09-23 12:34:00,Completed,31.27,4
3944,2026-09-23 19:27:00,Completed,17.6,3
3945,2026-09-23 10:35:00,Completed,7.87,3
3946,2026-09-23 16:05:00,Completed,26.33,5
3947,2026-09-23 14:59:00,Completed,19.9,5
3948,2026-09-23 21:18:00,Completed,15.0,2
3949,2026-09-23 12:36:00,Completed,32.05,1
3950,2026-09-23 15:36:00,Completed,24.16,1
3951,2026-09-23 20:07:00,Completed,20.02,2
3952,2026-09-23 19:06:00,Completed,11.98,1
3953,2026-09-23 13:17:00,Completed,30.39,3
3954,2026-09-23 16:16:00,Completed,29.02,5
3955,2026-09-23 16:49:00,Completed,28.78,2
3956,2026-09-23 10:19:00,Completed,8.2,3
3957,2026-09-23 14:52:00,Completed,9.23,3
3958,2026-09-23 21:50:00,Completed,22.09,2
3959,2026-09-23 12:36:00,Completed,17.07,3
3960,2026-09-23 12:46:00,Completed,8.73,3
3961,2026-09-23 18:50:00,Completed,8.84,4
3962,2026-09-24 17:14:00,Completed,6.69,3
3963,2026-09-24 20:06:00,Completed,34.05,1
3964,2026-09-24 11:31:00,Completed,9.62,1
3965,2026-09-24 12:29:00,Completed,6.76,4
3966,2026-09-24 17:08:00,Completed,23.18,3
3967,2026-09-24 20:24:00,Completed,13.83,3
3968,2026-09-24 13:13:00,Completed,18.46,5
3969,2026-09-24 14:20:00,Completed,10.17,3
3970,2026-09-24 19:07:00,Completed,14.39,5
3971,2026-09-24 18:59:00,Completed,18.52,3
3972,2026-09-24 15:33:00,Completed,14.37,4
3973,2026-09-24 15:31:00,Completed,23.99,5
3974,2026-09-24 13:53:00,Completed,10.73,1
3975,2026-09-24 19:04:00,Completed,26.42,4
3976,2026-09-24 17:59:00,Completed,7.45,2
3977,2026-09-24 10:52:00,Completed,17.52,1
3978,2026-09-24 18:42:00,Completed,25.15,3
3979,2026-09-24 14:06:00,Completed,12.07,2
3980,2026-09-24 14:47:00,Completed,18.98,1
3981,2026-09-24 14:57:00,Completed,27.3,4
3982,2026-09-24 15:30:00,Completed,7.7,4
3983,2026-09-24 14:44:00,Completed,29.63,3
3984,2026-09-24 11:44:00,Completed,28.26,5
3985,2026-09-24 13:09:00,Completed,28.11,2
3986,2026-09-24 14:49:00,Completed,28.78,4
3987,2026-09-24 15:55:00,Completed,26.35,4
3988,2026-09-24 10:45:00,Completed,33.64,3
3989,2026-09-24 15:36:00,Completed,20.75,1
3990,2026-09-24 12:38:00,Completed,27.92,4
3991,2026-09-24 10:40:00,Completed,13.58,5
3992,2026-09-24 13:11:00,Completed,8.51,1
3993,2026-09-24 21:19:00,Completed,32.74,1
3994,2026-09-24 20:59:00,Completed,22.34,5
3995,2026-09-24 19:24:00,Completed,6.96,3
3996,2026-09-24 10:08:00,Completed,11.59,2
3997,2026-09-24 18:05:00,Completed,9.74,4
3998,2026-09-24 21:09:00,Completed,16.96,3
3999,2026-09-24 14:05:00,Completed,29.72,3
4000,2026-09-24 20:14:00,Completed,10.9,1
4001,2026-09-24 20:58:00,Completed,8.88,2
4002,2026-09-24 16:40:00,Completed,34.66,4
4003,2026-09-24 17:18:00,Completed,25.41,1
4004,2026-09-24 10:04:00,Completed,18.68,1
4005,2026-09-24 15:00:00,Completed,31.17,5
4006,2026-09-24 15:09:00,Completed,28.92,3
4007,2026-09-24 19:21:00,Completed,17.24,4
4008,2026-09-24 18:33:00,Completed,25.55,4
4009,2026-09-24 18:19:00,Completed,24.88,5
4010,2026-09-24 14:34:00,Completed,28.74,3
4011,2026-09-24 17:59:00,Completed,31.12,4
4012,2026-09-24 18:16:00,Completed,27.53,1
4013,2026-09-24 12:46:00,Completed,30.45,5
4014,2026-09-24 10:13:00,Completed,11.05,3
4015,2026-09-24 18:41:00,Completed,16.43,4
4016,2026-09-24 11:30:00,Completed,21.37,2
4017,2026-09-24 13:49:00,Completed,13.31,1
4018,2026-09-24 18:54:00,Completed,17.06,2
4019,2026-09-24 14:31:00,Completed,17.88,1
4020,2026-09-24 15:25:00,Completed,5.15,3
4021,2026-09-24 17:01:00,Completed,5.77,1
4022,2026-09-24 16:07:00,Completed,21.08,1
4023,2026-09-24 10:35:00,Completed,31.35,5
4024,2026-09-24 16:26:00,Completed,15.21,4
4025,2026-09-24 18:42:00,Completed,17.58,3
4026,2026-09-24 20:57:00,Completed,10.43,5
4027,2026-09-24 16:44:00,Completed,20.17,1
4028,2026-09-24 17:14:00,Completed,25.77,4
4029,2026-09-24 14:07:00,Completed,31.56,5
4030,2026-09-24 17:03:00,Completed,34.89,2
4031,2026-09-24 10:48:00,Completed,31.91,1
4032,2026-09-24 21:05:00,Completed,9.4,5
4033,2026-09-24 19:28:00,Completed,13.54,4
4034,2026-09-24 20:39:00,Completed,6.28,4
4035,2026-09-24 18:56:00,Completed,13.34,1
4036,2026-09-24 13:00:00,Completed,6.17,3
4037,2026-09-24 12:04:00,Completed,12.3,5
4038,2026-09-24 13:50:00,Completed,14.81,4
4039,2026-09-24 15:27:00,Completed,32.78,4
4040,2026-09-24 14:28:00,Completed,9.68,5
4041,2026-09-24 15:16:00,Completed,14.37,5
4042,2026-09-24 13:24:00,Completed,25.89,4
4043,2026-09-24 15:12:00,Completed,14.17,2
4044,2026-09-24 13:04:00,Completed,11.4,3
4045,2026-09-24 14:36:00,Completed,5.42,4
4046,2026-09-24 16:07:00,Completed,16.61,5
4047,2026-09-24 17:12:00,Completed,31.68,2
4048,2026-09-24 10:12:00,Completed,30.53,1
4049,2026-09-24 20:50:00,Completed,6.5,4
4050,2026-09-24 17:10:00,Completed,16.75,5
4051,2026-09-24 16:42:00,Completed,28.49,5
4052,2026-09-24 20:55:00,Completed,15.3,3
4053,2026-09-24 13:09:00,Completed,8.04,3
4054,2026-09-24 19:32:00,Completed,11.65,5
4055,2026-09-24 14:00:00,Completed,32.92,4
4056,2026-09-24 11:17:00,Completed,21.3,2
4057,2026-09-24 13:06:00,Completed,13.64,3
4058,2026-09-24 21:50:00,Completed,22.42,5
4059,2026-09-24 18:22:00,Completed,9.99,4
4060,2026-09-24 20:55:00,Completed,34.39,2
4061,2026-09-24 12:36:00,Completed,21.05,5
4062,2026-09-24 15:56:00,Completed,22.37,1
4063,2026-09-24 16:41:00,Completed,12.99,2
4064,2026-09-24 21:12:00,Completed,29.94,1
4065,2026-09-24 21:24:00,Completed,14.31,2
4066,2026-09-24 17:43:00,Completed,34.14,1
4067,2026-09-24 14:11:00,Completed,15.43,2
4068,2026-09-24 12:16:00,Completed,29.82,5
4069,2026-09-24 10:04:00,Completed,23.51,3
4070,2026-09-24 21:21:00,Completed,5.03,1
4071,2026-09-24 11:33:00,Completed,17.26,4
4072,2026-09-24 17:50:00,Completed,17.51,4
4073,2026-09-24 11:34:00,Completed,32.26,2
4074,2026-09-24 13:44:00,Completed,15.23,3
4075,2026-09-24 12:19:00,Completed,8.65,5
4076,2026-09-24 19:17:00,Completed,33.88,5
4077,2026-09-24 14:08:00,Completed,17.37,3
4078,2026-09-24 16:40:00,Completed,25.19,3
4079,2026-09-24 17:19:00,Completed,17.57,4
4080,2026-09-24 17:05:00,Completed,5.69,2
4081,2026-09-24 17:23:00,Completed,17.55,4
4082,2026-09-24 14:12:00,Completed,18.26,1
4083,2026-09-24 13:18:00,Completed,23.94,4
4084,2026-09-24 18:25:00,Completed,27.18,3
4085,2026-09-24 13:36:00,Completed,25.93,5
4086,2026-09-24 14:55:00,Completed,30.52,5
4087,2026-09-24 11:42:00,Completed,13.22,1
4088,2026-09-24 21:06:00,Completed,17.45,3
4089,2026-09-24 16:37:00,Completed,20.61,3
4090,2026-09-24 18:15:00,Completed,19.75,5
4091,2026-09-24 11:16:00,Completed,7.37,2
4092,2026-09-24 10:58:00,Completed,12.47,5
4093,2026-09-24 20:49:00,Completed,34.12,4
4094,2026-09-24 12:07:00,Completed,23.38,1
4095,2026-09-24 20:48:00,Completed,22.55,5
4096,2026-09-24 12:38:00,Completed,33.64,3
4097,2026-09-24 17:11:00,Completed,29.85,1
4098,2026-09-24 10:40:00,Completed,30.22,5
